"path"	"sha256"
"ashita/addons/accessxi_reader/data/ffxi-nav-destination-ingress.tsv"	"4c3dbd781180e33b356c01a0f85072873010f8d58650e7ffc8d20073d6bbdbb3"
"third_party/FFXI-NavMesh-Builder/FFXINAV.dll"	"beff93f959e4b7e5024b4c3c67edbeedf3c5e409e4375bcb83830511176437b3"
"third_party/xiNavmeshes/Altar_Room.nav"	"7d1a37b2c486e2652d4b0acdc06bf92e5f40969c8de80cf215191b10a38cbf4f"
"third_party/xiNavmeshes/Balgas_Dais.nav"	"cb1c3f2888dee19a17da5f97508997a8390f619e1d082c9876429437b1313b6c"
"third_party/xiNavmeshes/Bastok_Markets.nav"	"de83f67c46a168d6c42cff278bc69bd489502d45566b06b9f0bf558c12202206"
"third_party/xiNavmeshes/Bastok_Mines.nav"	"46baec248591605ace2dc28a1056f25a3edfb36b2437e519ebf763ecbf5ddf1d"
"third_party/xiNavmeshes/Batallia_Downs.nav"	"19c88f20627356bc5dfaf4c7e3fcf7ef5f0ee923cc6d51a7b58bbb7f1c1357eb"
"third_party/xiNavmeshes/Beadeaux.nav"	"d400ef068781aef22c883eec7d1eb493bd18096cdb1fca14b9d464390f9bc2bb"
"third_party/xiNavmeshes/Bostaunieux_Oubliette.nav"	"22224aacccdfed4a43686308f5152db23d20fe7854b630175af97465961c835e"
"third_party/xiNavmeshes/Carpenters_Landing.nav"	"d640bc72859ff962f5ee97f8cf6d607f697c757fb6443830a6f17c61f56f6347"
"third_party/xiNavmeshes/Castle_Oztroja.nav"	"cf38c2ad43bb60ecac6022f0bc95d2d75b8d91a3baabc5da4a2bca71b649a932"
"third_party/xiNavmeshes/Castle_Zvahl_Keep.nav"	"c2c1450fc7cfce1c586d3563b678125acf6fa9a614aff8fd208c94fcdf1b8146"
"third_party/xiNavmeshes/Chateau_dOraguille.nav"	"910d0fdb395559a01952f64c86932efaf2dcc66c8fb9d6127749df58c2387130"
"third_party/xiNavmeshes/Dangruf_Wadi.nav"	"97561f0358cdc62419ff463e80424086a2b5b6d6c8f5169264abd7078b06dbdf"
"third_party/xiNavmeshes/Davoi.nav"	"798477c85e53de0dd2add985d85dd9efe64192012e137a3202add803174d8e32"
"third_party/xiNavmeshes/Den_of_Rancor.nav"	"baf77ea97fda719ec7e8305015fb35e65e9f096c1b8f6ef10a6586617c78f319"
"third_party/xiNavmeshes/East_Ronfaure.nav"	"195378176db47ffe0631b9cb4606b42c45599421c34d10f70ce0929edcb1e557"
"third_party/xiNavmeshes/East_Sarutabaruta.nav"	"c5c4a0e52165dc1da4fb97443fdb2582ae28ee950e3fda54e810d162546d7447"
"third_party/xiNavmeshes/Eastern_Altepa_Desert.nav"	"3897b680d50ee08bde6c09da4678ce14a00626f3dc2c5d667bee43df6291941a"
"third_party/xiNavmeshes/FeiYin.nav"	"1373b0684ba772bdb10cc6ce1a84341e92e5c2bad2b7bc574ac67eeb85ab1b09"
"third_party/xiNavmeshes/Fort_Ghelsba.nav"	"f8dd19ee19df5ebc0709dd7602e60e6bef0dbffaf6bdb0ab82724c03a1b95cb0"
"third_party/xiNavmeshes/Full_Moon_Fountain.nav"	"37b3d935ea2e3cd21cf410c0390b2fd448d8f4a82073a5cddffe6d1eb328e92f"
"third_party/xiNavmeshes/Ghelsba_Outpost.nav"	"0073b7d0c0421271fd46cfc5b44c2c4470116b65d138145db88a5809bc99c676"
"third_party/xiNavmeshes/Giddeus.nav"	"5c43afcfb6fb2c32dcdd9ed7febcd3abb27ca2df84a4284cd1d0989c3a134262"
"third_party/xiNavmeshes/Gusgen_Mines.nav"	"8b2e48471a38ca49de0cb71a0e3f7ed5c1bd8b067b1fc2b9fc3c0dfb78eb76e3"
"third_party/xiNavmeshes/Gustav_Tunnel.nav"	"75748d8b04b2eebaa829fc9292ae96940117ee8c14054c31228cab1f76e8315d"
"third_party/xiNavmeshes/Heavens_Tower.nav"	"1043a70020aa86894fa63a315d2f018305fb92459209e50b05dea2125250c82d"
"third_party/xiNavmeshes/Horlais_Peak.nav"	"8785b4e3843aecd70ba4581a00a2eee22ea7c4f1885967c5408ef9f4d136801d"
"third_party/xiNavmeshes/Ifrits_Cauldron.nav"	"16f9a3b061f875cef7f34b97d69e604a2b56b5d027f5317ca8f2cd3d28f3e162"
"third_party/xiNavmeshes/Inner_Horutoto_Ruins.nav"	"b1b74b4821ee50ebce89bcac35841035238dea42bf0bcceef131fea5232fae90"
"third_party/xiNavmeshes/Jugner_Forest_[S].nav"	"85729c74c1d693947c0705e6af93cc68e60e53897b10739d9b6a37257ad259d5"
"third_party/xiNavmeshes/Jugner_Forest.nav"	"de1880b3d1cc2fd5e9d2df6d791d1417eacf6718ca136b94a870d65c5a6a44cb"
"third_party/xiNavmeshes/Kazham.nav"	"7b582e4b83e8fed89d84c967d231ea372d595b309fc4dcb932a1000858596291"
"third_party/xiNavmeshes/King_Ranperres_Tomb.nav"	"1eb704da1d881d86b6ee65e839faf7602ad03f0b059ff68ebbf1ec145c49f276"
"third_party/xiNavmeshes/Konschtat_Highlands.nav"	"f1644b16e6801b537e41e8baecafa63869c92fa7b9862a104d04ff2ec686c137"
"third_party/xiNavmeshes/Kuftal_Tunnel.nav"	"dbbc5f17fd67c8f15a63485ad22326fce26f846ac963e1267070d5615196c57a"
"third_party/xiNavmeshes/La_Theine_Plateau.nav"	"033ed6dc13c063d010a27a51cea2dd06f762e30424a738acfd82b773dfebfcbe"
"third_party/xiNavmeshes/Lower_Delkfutts_Tower.nav"	"cf3260764fa48aef94aca7201a2b56758ca262d8b9cde232169d444362a8d8fc"
"third_party/xiNavmeshes/Lower_Jeuno.nav"	"e85b4ac5012ec6905497a0fefa7efb5791e8c26b0320f5367a7b8d0a3fcb2e35"
"third_party/xiNavmeshes/Maze_of_Shakhrami.nav"	"8365170dc1a1b26f67a0288638f841baf4535a9644854b07fdd4992b4e7c144e"
"third_party/xiNavmeshes/Metalworks.nav"	"20f59386838c473b1cc126107e49abbad9a169cbc7335f4d2b1a370a8fab4d12"
"third_party/xiNavmeshes/Monastic_Cavern.nav"	"2487eb140fe5a32a0a35834b8f40277caa20fa0738edb0ab909ebe3eec55d2b9"
"third_party/xiNavmeshes/Norg.nav"	"05d82865e6c9162e0eb38e6aef8f9e6177cbad8124cc862b6f5b8c00f7b7364e"
"third_party/xiNavmeshes/Northern_San_dOria.nav"	"2e1f19bbc14ef64a040a159b2f515337537b99d9742c39bd33384fc58fcd430d"
"third_party/xiNavmeshes/Ordelles_Caves.nav"	"0cecde4724133e1933d1dd312754d1ac8ba7914b5dddb3129930d0a04af1f5c1"
"third_party/xiNavmeshes/Outer_Horutoto_Ruins.nav"	"636a92eca6023f9e9e5626b8d6005a3438e1baa4ea9e9bd3671349966a359978"
"third_party/xiNavmeshes/Palborough_Mines.nav"	"2f279fabe671bd84de510001392e2815fd0da54b5cadd80de80b9c747ca3fe85"
"third_party/xiNavmeshes/Pashhow_Marshlands.nav"	"dd980584e77ea53e72b5553deb7c3abd0bea8949ae31d5134b73d92c3340134c"
"third_party/xiNavmeshes/Port_Bastok.nav"	"08e94c47642438e74443bb7dd40cdff7fddc7ab29d3ddd3bac3417e280a7dbfa"
"third_party/xiNavmeshes/Port_Windurst.nav"	"7402ab56cebccf144732229dbb1fbf990fd589d713c030a8e6cf0c4cd07866b9"
"third_party/xiNavmeshes/QuBia_Arena.nav"	"c5ca313a4bde08fb07b2a5ff0c9c5b9a889b657f6d1664a7cc4d8cadb086bfe4"
"third_party/xiNavmeshes/Quicksand_Caves.nav"	"a5df3ef401b6f9e6a59717cf0c96def01c93cc257a68008541ca920808ba6182"
"third_party/xiNavmeshes/Qulun_Dome.nav"	"f2a202b0dbeaf8f3e95e3b02a965edf0bae717a781ea4d62bb5724287ae2affb"
"third_party/xiNavmeshes/Rabao.nav"	"c81a6152129ec3fc2a45bfa6791673f13451b7057da282028002daeac7fe057e"
"third_party/xiNavmeshes/RoMaeve.nav"	"34579dc6623527b8d13f83f3df87247becb0092385505ea087869022a07a6ad4"
"third_party/xiNavmeshes/RuLude_Gardens.nav"	"b1cc1271ffbbd75cdb48c2c7a318de1a940971e74e9485098c3fbb923f7e5573"
"third_party/xiNavmeshes/Southern_San_dOria.nav"	"a558e197fc7d41794db1a06469e29e5825d0b1a3b38fd4c53bbd47cfc28f1d48"
"third_party/xiNavmeshes/Tahrongi_Canyon.nav"	"10b314cc40857d0689d9a8c6e4445a5452ed04983835bb7560f58c39a92e640b"
"third_party/xiNavmeshes/Temple_of_Uggalepih.nav"	"f0eb69160fd0821c7323dec2fc67bba27a4dd985df99bc2b20529e3daa44517b"
"third_party/xiNavmeshes/The_Boyahda_Tree.nav"	"4a6fa006bfeab7c72b4ebd40ddf4d51bb4e5bd902d9d3af44e5459e27a4e71ba"
"third_party/xiNavmeshes/The_Sanctuary_of_ZiTah.nav"	"cad43f4ef4b7261b3c7b47863864343ed653daa67c510df0a4947cd7d4c63c27"
"third_party/xiNavmeshes/Throne_Room.nav"	"2fd6c2add1675fa29fa943c941db6ed4c8aeb3add1204130a83a0b0fdaa856b3"
"third_party/xiNavmeshes/Toraimarai_Canal.nav"	"abfbeb0d5a4edf37577d2dea708ef398f6043bf40dedaa7e6d7c6804b2656dd2"
"third_party/xiNavmeshes/Upper_Delkfutts_Tower.nav"	"0d2ee7a012899b7211c96cbd6c2da2a89235eab9e2db42a2b75aa18b46453ecb"
"third_party/xiNavmeshes/Upper_Jeuno.nav"	"e9dafdcd62b14f28bb2748a340efa1fe6bd28d334b418203cb1b23501c47bb53"
"third_party/xiNavmeshes/Valley_of_Sorrows.nav"	"b138b8c588b8fca6a8cb07504e98c40cc4d9a360248534d87936b333a389d6b1"
"third_party/xiNavmeshes/Waughroon_Shrine.nav"	"a5bff8172ee561172488a27b66ad57ff7802a4619019c77a436056fff91297da"
"third_party/xiNavmeshes/West_Ronfaure.nav"	"b69b4c37e0ce7a7983a11108132fc8a64cf9e815360d6dc45973baa7192d93ba"
"third_party/xiNavmeshes/West_Sarutabaruta.nav"	"7a39af1ba0ff72daf04c581ead8a8c63b302958a6f76a0e0aa5b070d45d865ee"
"third_party/xiNavmeshes/Western_Altepa_Desert.nav"	"39f65ca32a6896dd6115bb4afe93f2b1769559f5f0fbb7e98ea71e39ec4ae939"
"third_party/xiNavmeshes/Windurst_Walls.nav"	"c754011376c395494f513ba1a423bb10bc8885b4f38c171a3fb931359d2b459a"
"third_party/xiNavmeshes/Windurst_Waters_[S].nav"	"73a85cf26cd724e4a4a43344eccc1ce7e450f1fa4f2bf876f17cb074870a7d3b"
"third_party/xiNavmeshes/Windurst_Waters.nav"	"8f2932f8ff33a61ea97b5c23ae3f7f5bb0de60cda0391afa53ee517605e2381d"
"third_party/xiNavmeshes/Windurst_Woods.nav"	"e61a0734ea53522c8845d57a862b2f1e1cdcad49fffe2ee8d8251af15e783cda"
"third_party/xiNavmeshes/Xarcabard.nav"	"c5b808de897c5001d4c39dc38becd45174e019409093484c37011e740342c3be"
"third_party/xiNavmeshes/Yhoator_Jungle.nav"	"3b2a8ddfd0bcd8422ad26372ac776e4acda23b95390c90bad833e0548534163f"
"third_party/xiNavmeshes/Zeruhn_Mines.nav"	"23511bfe0447818ebcc7f3f257193c631554a1d9d8042b14257dad37d973450b"
