time	1782666043
player	Longrodvonhugen
entry	64	1	0
entry	66	1	0
entry	68	1	0
entry	128	3	0
entry	130	3	0
entry	132	3	0
entry	134	3	0
entry	136	3	0
entry	138	3	0
entry	140	3	0
entry	192	1	0
entry	194	1	0
entry	196	1	0
entry	198	1	0
entry	200	1	0
entry	202	1	0
entry	204	1	0
entry	206	1	0
entry	208	1	0
entry	210	1	0
entry	212	1	0
entry	214	1	0
entry	216	1	0
entry	218	1	0
entry	220	1	0
entry	222	1	0
entry	224	1	0
entry	226	1	0
entry	228	1	0
entry	256	1	0
entry	258	1	0
entry	260	1	0
entry	262	1	0
entry	264	1	0
entry	266	1	0
entry	268	1	0
entry	270	1	0
entry	272	1	0
entry	274	1	0
entry	276	1	0
entry	278	1	0
entry	280	1	0
entry	282	1	0
entry	320	1	0
entry	322	1	0
entry	324	1	0
entry	326	1	0
entry	328	1	0
entry	384	1	0
entry	386	1	0
entry	388	1	0
entry	390	1	0
entry	392	1	0
entry	448	1	0
entry	450	1	0
entry	452	1	0
entry	454	1	0
entry	456	1	0
entry	512	1	0
entry	514	1	0
entry	516	1	0
entry	518	1	0
entry	520	1	0
entry	576	1	0
entry	578	1	0
entry	580	1	0
entry	582	1	0
entry	584	1	0
entry	586	1	0
entry	588	1	0
entry	640	1	0
entry	642	1	0
entry	644	1	0
entry	646	1	0
entry	648	1	0
entry	650	1	0
entry	652	1	0
entry	704	1	0
entry	706	1	0
entry	708	1	0
entry	710	1	0
entry	712	1	0
entry	768	1	0
entry	770	1	0
entry	772	1	0
entry	774	1	0
entry	776	1	0
entry	832	1	0
entry	834	1	0
entry	836	1	0
entry	838	1	0
entry	840	1	0
entry	896	1	0
entry	898	1	0
entry	900	1	0
entry	902	1	0
entry	904	1	0
entry	960	1	0
entry	962	1	0
entry	964	1	0
entry	966	1	0
entry	968	1	0
entry	1024	1	0
entry	1026	1	0
entry	1028	1	0
entry	1030	1	0
entry	1032	1	0
entry	1088	1	0
entry	1090	1	0
entry	1092	1	0
entry	1094	1	0
entry	1096	1	0
entry	1152	1	0
entry	1154	1	0
entry	1156	1	0
entry	1158	1	0
entry	1160	1	0
entry	1162	1	0
entry	1164	1	0
entry	1216	1	0
entry	1218	1	0
entry	1220	1	0
entry	1222	1	0
entry	1224	1	0
entry	1280	1	0
entry	1282	1	0
entry	1284	1	0
entry	1286	1	0
entry	1288	1	0
entry	1344	1	0
entry	1346	1	0
entry	1348	1	0
entry	1350	1	0
entry	1352	1	0
entry	1408	1	0
entry	1410	1	0
entry	1412	1	0
entry	1414	1	0
entry	1416	1	0
entry	1472	1	0
entry	1474	1	0
entry	1476	1	0
entry	1478	1	0
entry	1480	1	0
entry	1536	1	0
entry	1538	1	0
entry	1540	1	0
entry	1542	1	0
entry	1600	1	0
entry	1602	1	0
entry	1604	1	0
entry	1606	1	0
entry	1664	20	0
entry	1666	20	0
entry	1668	20	0
entry	1670	20	0
entry	1672	20	0
entry	1674	20	0
entry	1676	20	0
entry	1678	20	0
entry	1680	20	0
entry	1682	20	0
entry	1684	20	0
entry	1686	20	0
entry	1688	20	0
entry	1690	20	0
entry	1728	1	0
entry	1730	1	0
entry	1732	1	0
entry	1734	1	0
entry	1736	1	0
entry	1792	1	0
entry	1794	1	0
entry	1796	1	0
entry	1798	1	0
entry	1800	1	0
entry	2048	3	0
entry	2050	3	0
entry	2052	3	0
entry	2054	3	0
entry	2112	3	0
entry	2114	3	0
entry	2116	3	0
entry	2118	3	0
entry	2176	3	0
entry	2178	3	0
entry	2184	3	0
entry	2186	3	0
entry	2252	3	0
entry	2254	3	0
entry	2256	3	0
entry	2258	3	0
entry	2260	3	0
entry	2262	3	0
entry	2304	0	0
entry	2306	0	0
entry	2308	0	0
entry	2310	0	0
entry	2312	0	0
entry	2314	0	0
entry	2316	3	0
entry	2318	3	0
entry	2320	3	0
entry	2322	3	0
entry	2324	3	0
entry	2326	3	0
entry	2368	3	0
entry	2370	3	0
entry	2372	3	0
entry	2374	3	0
entry	2432	3	0
entry	2434	3	0
entry	2436	3	0
entry	2438	3	0
entry	2496	3	0
entry	2498	3	0
entry	2500	3	0
entry	2502	3	0
entry	2560	3	0
entry	2562	3	0
entry	2564	3	0
entry	2566	3	0
entry	2624	3	0
entry	2626	3	0
entry	2632	3	0
entry	2634	3	0
entry	2688	3	0
entry	2690	3	0
entry	2692	3	0
entry	2694	3	0
entry	2752	3	0
entry	2754	3	0
entry	2756	3	0
entry	2758	3	0
entry	2816	3	0
entry	2818	3	0
entry	2832	3	0
entry	2834	3	0
entry	2836	3	0
entry	2838	3	0
entry	2880	3	0
entry	2882	3	0
entry	2884	3	0
entry	2886	3	0
entry	2944	3	0
entry	2946	3	0
entry	2948	3	0
entry	2950	3	0
entry	2952	3	0
entry	2954	3	0
entry	3008	3	0
entry	3010	3	0
entry	3012	3	0
entry	3014	3	0
entry	3072	3	0
entry	3074	3	0
entry	3076	3	0
entry	3078	3	0
entry	3136	3	0
entry	3138	3	0
entry	3140	3	0
entry	3142	3	0
entry	3200	3	0
entry	3202	3	0
entry	3204	3	0
entry	3206	3	0
entry	3264	3	0
entry	3266	3	0
entry	3268	3	0
entry	3270	3	0
entry	3272	3	0
entry	3274	3	0
entry	3392	3	0
entry	3394	3	0
entry	3396	3	0
entry	3398	3	0
entry	3456	3	0
entry	3458	3	0
entry	3460	3	0
entry	3462	3	0
