time	result	zone	destination	kind	confidence	player_x	player_z	player_y	dest_x	dest_z	dest_y	waypoint_index	waypoint_count	target_x	target_z	wall_clearance	off_route	reason	nearby
2026-06-01 17:18:25	start	105	The Eldieme Necropolis entrance I-7, arrives N-7	area	untested	-66.913	448.703	-1.925	52.695	132.701	0.348	2	12	-51.600	403.600	2.90		menu	Patriarche 3; Hyetsa 13; ??? 23; Resume Point 24; Cavernous Maw 25
2026-06-01 17:20:11	arrived	105	The Eldieme Necropolis entrance I-7, arrives N-7	area	untested	50.459	133.016	-13.219	52.695	132.701	0.348	12	12	52.695	132.701	4.38		arrival	Raptor's Food 19; Ba 24
2026-06-01 17:20:53	start	105	Survival Guide	object	untested	34.592	108.081	-3.882	-67.000	449.000	-2.000	2	9	-24.400	181.600	10.35		menu	
2026-06-01 17:21:03	blocked	105	Survival Guide	object	untested	34.592	108.081	-3.882	-67.000	449.000	-2.000	2	9	28.960	115.101	10.35	9.00	Possible obstacle. Wall clearance 10 yalms. Turn until the beacon moves off-center, then try forward. Route refreshed.	
2026-06-01 17:22:42	arrived	105	Survival Guide	object	untested	-67.186	441.035	0.477	-67.000	449.000	-2.000	8	9	-72.299	449.124	10.29		arrival	Survival Guide 8; Hyetsa 8; Patriarche 9; Resume Point 21; ??? 22
2026-06-01 17:27:11	start	195	Batallia Downs exit to I-10	area	untested	422.420	-106.107	-54.000	420.008	-122.008	-60.092	2	3	420.008	-122.008	0.58		menu	Survival Guide 8; Cannau 9; Grounds Tome 12; Ramblix 13; Goblin Footprint 13
2026-06-01 17:27:21	arrived	195	Batallia Downs exit to I-10	area	untested	422.224	-121.660	-56.000	420.008	-122.008	-60.092	3	3	420.008	-122.008	0.53		arrival	Cannau 7; Survival Guide 23
2026-06-01 17:31:34	start	105	Field Manual near Upper Jeuno	object	untested	134.666	-374.139	11.500	438.355	-141.327	8.932	2	20	174.800	-413.200	1.89		menu	
2026-06-01 17:33:46	arrived	105	Field Manual near Upper Jeuno	object	untested	434.291	-146.971	8.324	438.355	-141.327	8.932	19	20	442.656	-144.424	2.46		arrival	Field Manual 7; Macro Test 9; Atmacite Refiner 11; Voidwatch Officer 12; Moogle 13
2026-06-01 17:34:19	start	105	Survival Guide	object	untested	437.449	-149.008	8.349	-67.000	449.000	-2.000	2	16	429.600	-145.200	6.22		menu	Field Manual 8; Macro Test 10; Moogle 11; Macro Test 13; Atmacite Refiner 15
2026-06-01 17:37:22	arrived	105	Survival Guide	object	untested	-71.945	446.160	-0.568	-67.000	449.000	-2.000	16	16	-64.361	444.404	5.30		arrival	Survival Guide 6
2026-06-01 20:53:09	start	105	Jugner Forest zone line	area	untested	-71.160	447.865	-1.257	-444.042	-240.077	-16.166	2	27	-55.600	413.200	3.91		menu	Survival Guide 4; Blissless 23; Mnkz 23; Azrealvintage 24; Fadeless 24
2026-06-01 20:56:09	arrived	105	Jugner Forest zone line	area	untested	-442.633	-237.706	-8.000	-444.042	-240.077	-16.166	27	27	-444.042	-240.077	9.33		arrival	
2026-06-01 21:26:51	start	245	Upper Jeuno zone line	area	untested	-99.358	-183.033	-0.000	0.177	59.589	-6.280	2	10	-93.710	-154.928	1.30		menu	Lunagoddess 1; Home Point #1 1; Stompmndnutz 2; Iwipebaktofront 2; Coolness 2
2026-06-01 21:28:05	arrived	245	Upper Jeuno zone line	area	untested	0.015	57.768	-3.398	0.177	59.589	-6.280	10	10	0.177	59.589	0.92		arrival	Auchefort 14; Manetoya 17; Home Point #2 18; Wynzorro 19; Drachenfrucht 20
2026-06-01 21:28:18	start	244	Batallia Downs zone line	area	proven	6.894	-52.898	0.994	-99.867	184.157	0.000	2	17	18.441	-43.003	2.07		menu	
2026-06-01 21:29:41	arrived	244	Batallia Downs zone line	area	proven	-105.255	188.811	0.000	-99.867	184.157	0.000	17	17	-99.867	184.157	2.26		arrival	Home Point #1 22; Neosho 23; Bheem 24
2026-06-01 21:30:06	start	105	Survival Guide	object	untested	486.298	-157.702	8.280	-67.000	449.000	-2.000	2	18	461.200	-146.000	5.68		menu	Eyegouger 18
2026-06-01 21:33:06	arrived	105	Survival Guide	object	untested	-64.484	442.298	0.747	-67.000	449.000	-2.000	17	18	-71.962	447.137	9.26		arrival	Survival Guide 7; Treant 16; Resume Point 19; ??? 19; Cavernous Maw 20
2026-06-01 23:17:30	start	105	Survival Guide	object	untested	-63.000	441.034	0.849	-67.000	449.000	-2.000	2	3	-67.000	449.000	9.84		menu	Tenzen 5; Zeid 6; Kupofried 7; Valaineral 8; Cheysala 8
2026-06-01 23:17:35	arrived	105	Survival Guide	object	untested	-65.165	441.678	0.679	-67.000	449.000	-2.000	2	3	-71.142	443.726	10.06		arrival	Tenzen 3; Zeid 4; Kupofried 6; Valaineral 6; Aoora 7
2026-06-04 12:58:01	start	245	Mog House entrance	area	untested	-99.358	-183.033	-0.000	43.944	88.580	-9.359	2	12	-86.910	-163.328	1.30		menu	Lunafreya 1; Aprilu 1; Home Point #1 1; Ldsan 1; Tinyhazel 2
2026-06-04 12:59:31	blocked	245	Mog House entrance	area	untested	5.116	-9.536	-6.000	43.944	88.580	-9.359	2	11	3.289	-2.262	0.00	7.50	Possible obstacle or wall. Clearance 0 yalm. Turn until the beacon moves off-center, then try forward. Route refreshed.	Saprut 7; Therunner 8; Ghebi Damomohe 11; ??? 11; Taliesin 11
2026-06-04 13:00:18	arrived	245	Mog House entrance	area	untested	44.163	86.811	-4.998	43.944	88.580	-9.359	11	11	43.944	88.580	0.10		arrival	Daive 9; Miladi-Nildi 11; Bubbataru 22
2026-06-08 00:07:12	start	232	Bonanza Moogle	npc	generated	-38.000	-64.000	-4.000	14.817	-86.947	-4.000	2	4	-27.645	-69.000	1.55		menu	Home Point #1 1; Todorokijp 3; Bricorsant 7; Nimia 8; Pomilla 10
2026-06-08 00:07:33	arrived	232	Bonanza Moogle	npc	generated	11.182	-86.313	-4.000	14.817	-86.947	-4.000	4	4	14.066	-81.436	4.70		arrival	Maminon 1; Dealer Moogle 2; Eternalkaiser 3; Dealer Moogle 3; Bonanza Moogle 4
2026-06-08 00:08:51	start	232	Bonanza Moogle	npc	generated	10.206	-88.187	-4.000	14.817	-86.947	-4.000	3	3	14.817	-86.947	3.12		menu	Eternalkaiser 1; Dealer Moogle 3; Dealer Moogle 3; Bonanza Moogle 5; Bonanza Moogle 5
2026-06-08 00:08:51	arrived	232	Bonanza Moogle	npc	generated	10.206	-88.187	-4.000	14.817	-86.947	-4.000	3	3	11.210	-82.429	3.12		arrival	Eternalkaiser 1; Dealer Moogle 3; Dealer Moogle 3; Bonanza Moogle 5; Bonanza Moogle 5
2026-06-08 00:14:17	start	232	Festive Moogle	npc	generated	11.002	-67.914	-4.000	70.641	-118.589	-16.000	3	11	46.355	-74.200	0.55		menu	Ivan 4; Ribbitribbit 4; Gilburt 5; Altiret 10; Callort 12
2026-06-08 00:15:05	blocked	232	Festive Moogle	npc	generated	54.649	-87.247	-10.500	70.641	-118.589	-16.000	2	6	54.858	-92.254	0.85	5.01	Possible obstacle or wall. Clearance 1 yalm. Turn until the beacon moves off-center, then try forward. Route refreshed.	Reloaded 9; Cevat 10; Meuxtajean 14; Door:Regine's Magicmart 15; Razuu 17
2026-06-08 00:15:17	blocked	232	Festive Moogle	npc	generated	53.594	-96.979	-12.000	70.641	-118.589	-16.000	3	7	50.831	-103.952	0.00	7.50	Possible obstacle or wall. Clearance 0 yalm. Turn until the beacon moves off-center, then try forward. Route refreshed.	Meuxtajean 4; Cevat 8; Razuu 9; Amien 9; Darkspectrem 9
2026-06-08 00:15:31	blocked	232	Festive Moogle	npc	generated	55.714	-112.630	-12.050	70.641	-118.589	-16.000	2	4	63.018	-116.233	1.51	8.14	Possible obstacle or wall. Clearance 2 yalm. Turn until the beacon moves off-center, then try forward. Route refreshed.	Stompclomp 1; Taiyon 3; Curio Vendor Moogle 4; Satonaka 4; Coribalgeant 4
2026-06-08 00:15:49	blocked	232	Festive Moogle	npc	generated	55.714	-112.630	-12.050	70.641	-118.589	-16.000	2	4	61.585	-116.442	1.51	7.00	Possible obstacle or wall. Clearance 2 yalm. Turn until the beacon moves off-center, then try forward. Route refreshed.	Stompclomp 1; Taiyon 3; Curio Vendor Moogle 4; Satonaka 4; Coribalgeant 4
2026-06-08 00:16:15	blocked	232	Festive Moogle	npc	generated	58.079	-114.566	-13.000	70.641	-118.589	-16.000	2	4	64.133	-118.097	1.81	7.01	Possible obstacle or wall. Clearance 2 yalm. Turn until the beacon moves off-center, then try forward. Route refreshed.	Taiyon 1; Stompclomp 4; Coribalgeant 6; Curio Vendor Moogle 6; Satonaka 7
2026-06-08 00:16:22	arrived	232	Festive Moogle	npc	generated	67.942	-123.539	-16.000	70.641	-118.589	-16.000	4	4	65.988	-116.052	3.92		arrival	Thabiz 5; Moogle 6; Festive Moogle 6; Greeter Moogle 6; Ashleih 7
2026-06-08 00:28:45	start	232	Bonanza Moogle	npc	generated	58.474	-83.667	-8.750	14.817	-86.947	-4.000	2	7	49.955	-75.000	0.00		menu	Door:Regine's Magicmart 11; Cevat 12; Nightbear 13; Regine 14; Rugiette 16
2026-06-08 00:29:13	arrived	232	Bonanza Moogle	npc	generated	17.580	-81.909	-4.000	14.817	-86.947	-4.000	7	7	10.170	-84.398	5.34		arrival	Bonanza Moogle 6; Bonanza Moogle 6; Dealer Moogle 7; Dealer Moogle 9; Eternalkaiser 10
2026-06-08 00:38:09	start	232	Door:Cargo Room A	area	generated	2.503	-126.893	-8.000	4.000	-126.099	-10.250	3	3	4.000	-126.099	0.00		menu	Door:Cargo Room A 2; Tamamitaru 3; Habitox 5; Germanshepherd 5; Arminibit 5
2026-06-08 00:38:09	arrived	232	Door:Cargo Room A	area	generated	2.503	-126.893	-8.000	4.000	-126.099	-10.250	3	3	4.000	-126.099	0.00		arrival	Door:Cargo Room A 2; Tamamitaru 3; Habitox 5; Germanshepherd 5; Arminibit 5
2026-06-08 00:38:59	start	232	Door:Cargo Room B	area	generated	10.191	-137.503	-8.000	-16.000	-126.103	-10.250	2	5	-8.445	-132.600	4.84		menu	Xyliana 8; Mitukitaru 10; Xfiniti 10; Akaibara 11; Kebanig 11
2026-06-08 00:39:13	arrived	232	Door:Cargo Room B	area	generated	-12.447	-132.069	-8.000	-16.000	-126.103	-10.250	4	5	-20.554	-128.815	3.47		arrival	Door:Cargo Room B 7; Sheridan 7; Fontoumant 10; Treasure Coffer 11; Germanshepherd 11
2026-06-08 00:41:28	start	232	Door:Cargo Room B	area	generated	-11.234	-117.929	-8.000	-16.000	-126.103	-10.250	4	5	-16.000	-126.103	0.27		menu	Fontoumant 4; Door:Cargo Room B 9; Ceraulian 11; Bonmaurieut 11; Arminibit 11
2026-06-08 00:41:32	arrived	232	Door:Cargo Room B	area	generated	-11.912	-122.112	-8.000	-16.000	-126.103	-10.250	5	5	-17.412	-122.120	0.37		arrival	Fontoumant 1; Door:Cargo Room B 6; Bonmaurieut 10; Sheridan 11; Arminibit 11
2026-06-08 00:42:06	start	232	Door:"Rusty Anchor"	area	generated	-33.768	-146.858	-8.000	-56.700	-36.000	-5.949	3	19	-30.845	-140.200	1.48		menu	Maunadolace 11; Chocobo 12; Bigbete 18; Auction Counter 19; Parcarin 22
2026-06-08 00:43:37	arrived	232	Door:"Rusty Anchor"	area	generated	-49.960	-39.424	-4.000	-56.700	-36.000	-5.949	18	19	-54.299	-31.275	2.54		arrival	Door:"Rusty Anchor" 8; Raqtibahl 9; Deguerendars 14; Perdiouvilet 14; Croumangue 17
2026-06-08 00:44:19	start	232	Door:Arrivals Entrance	area	generated	-57.829	-36.717	-4.520	-14.500	16.000	-9.703	4	10	-47.245	-27.800	0.24		menu	Door:"Rusty Anchor" 1; Raqtibahl 4; Perdiouvilet 7; Deguerendars 8; Croumangue 8
2026-06-08 00:44:27	blocked	232	Door:Arrivals Entrance	area	generated	-57.494	-35.660	-4.507	-14.500	16.000	-9.703	4	10	-50.088	-36.847	0.54	7.50	Possible obstacle or wall. Clearance 1 yalm. Turn until the beacon moves off-center, then try forward. Route refreshed.	Door:"Rusty Anchor" 1; Raqtibahl 6; Perdiouvilet 6; Croumangue 8; Deguerendars 9
2026-06-08 00:44:45	blocked	232	Door:Arrivals Entrance	area	generated	-57.288	-35.316	-4.497	-14.500	16.000	-9.703	4	10	-49.898	-34.033	0.16	7.50	Possible obstacle or wall. Clearance 0 yalm. Turn until the beacon moves off-center, then try forward. Route refreshed.	Door:"Rusty Anchor" 1; Raqtibahl 6; Perdiouvilet 6; Croumangue 8; Deguerendars 10
2026-06-08 00:45:21	blocked	232	Door:Arrivals Entrance	area	generated	-29.497	8.678	-8.000	-14.500	16.000	-9.703	3	6	-29.237	16.174	0.00	7.50	Possible obstacle or wall. Clearance 0 yalm. Turn until the beacon moves off-center, then try forward. Route refreshed.	Door:Arrivals Exit 4; Leonora 8; Milva 11; Meta 14; Door:Arrivals Entrance 17
2026-06-08 00:45:34	blocked	232	Door:Arrivals Entrance	area	generated	-30.607	9.301	-8.000	-14.500	16.000	-9.703	4	7	-30.303	16.795	0.00	7.50	Possible obstacle or wall. Clearance 0 yalm. Turn until the beacon moves off-center, then try forward. Route refreshed.	Door:Arrivals Exit 4; Leonora 9; Milva 12; Meta 14; Door:Arrivals Entrance 17
2026-06-08 00:45:56	blocked	232	Door:Arrivals Entrance	area	generated	-30.608	9.288	-8.000	-14.500	16.000	-9.703	4	7	-29.843	16.748	0.00	7.50	Possible obstacle or wall. Clearance 0 yalm. Turn until the beacon moves off-center, then try forward. Route refreshed.	Door:Arrivals Exit 4; Leonora 9; Milva 12; Meta 14; Door:Arrivals Entrance 17
2026-06-08 00:46:12	blocked	232	Door:Arrivals Entrance	area	generated	-34.212	9.403	-8.000	-14.500	16.000	-9.703	4	7	-30.746	16.054	0.00	7.50	Possible obstacle or wall. Clearance 0 yalm. Turn until the beacon moves off-center, then try forward. Route refreshed.	Door:Arrivals Exit 8; Leonora 12; Milva 13; Meta 17; Door:Departures Entrance 19
2026-06-08 00:46:24	blocked	232	Door:Arrivals Entrance	area	generated	-37.202	4.400	-8.000	-14.500	16.000	-9.703	2	6	-31.790	5.379	0.20	5.50	Possible obstacle or wall. Clearance 0 yalm. Turn until the beacon moves off-center, then try forward. Route refreshed.	Milva 12; Door:Arrivals Exit 12; Liloune 17; Leonora 17; Fiva 21
2026-06-08 00:47:12	start	232	Door:Regine's Magicmart	area	generated	-27.013	7.577	-8.000	69.000	-81.650	-9.350	2	18	-36.445	-3.800	2.04		menu	Door:Arrivals Exit 4; Leonora 7; Milva 10; Meta 13; Door:Arrivals Entrance 15
2026-06-08 00:48:22	blocked	232	Door:Regine's Magicmart	area	generated	-19.568	-78.401	-4.000	69.000	-81.650	-9.350	2	11	-14.212	-80.804	10.25	5.87	Possible obstacle. Wall clearance 10 yalms. Turn until the beacon moves off-center, then try forward. Route refreshed.	Brifalien 5; Artinien 5; Etheriol 10; Cherlodeau 11; Twistedmind 12
2026-06-08 00:48:35	blocked	232	Door:Regine's Magicmart	area	generated	-8.160	-78.551	-4.000	69.000	-81.650	-9.350	2	11	0.692	-76.534	9.55	9.08	Possible obstacle. Wall clearance 10 yalms. Turn until the beacon moves off-center, then try forward. Route refreshed.	Twistedmind 7; Miene 9; World Shifter 12; Artinien 12; Brifalien 14
2026-06-08 00:49:22	blocked	232	Door:Regine's Magicmart	area	generated	54.646	-74.509	-8.000	69.000	-81.650	-9.350	2	8	54.859	-82.006	0.86	7.50	Possible obstacle or wall. Clearance 1 yalm. Turn until the beacon moves off-center, then try forward. Route refreshed.	Nightbear 5; Regine 14; Door:Regine's Magicmart 16; Rugiette 17; Cevat 22
2026-06-08 00:49:39	blocked	232	Door:Regine's Magicmart	area	generated	58.258	-85.513	-9.500	69.000	-81.650	-9.350	2	8	57.745	-90.702	0.07	5.21	Possible obstacle or wall. Clearance 0 yalm. Turn until the beacon moves off-center, then try forward. Route refreshed.	Cevat 10; Door:Regine's Magicmart 11; Nightbear 14; Regine 15; Meuxtajean 17
2026-06-08 00:50:02	arrived	232	Door:Regine's Magicmart	area	generated	68.861	-86.438	-8.000	69.000	-81.650	-9.350	8	8	63.702	-81.496	1.08		arrival	Door:Regine's Magicmart 5; Cevat 12; Regine 13; Rugiette 13; Meuxtajean 22
2026-06-08 00:51:40	start	232	Bonanza Moogle	npc	generated	70.134	-88.763	-8.500	14.817	-86.947	-4.000	3	11	64.355	-92.600	0.00		menu	Door:Regine's Magicmart 7; Cevat 11; Rugiette 15; Regine 15; Meuxtajean 21
2026-06-08 00:52:21	arrived	232	Bonanza Moogle	npc	generated	16.880	-82.780	-4.000	14.817	-86.947	-4.000	11	11	10.067	-84.596	4.53		arrival	Bonanza Moogle 5; Bonanza Moogle 5; Dealer Moogle 6; Dealer Moogle 7; Eternalkaiser 9
2026-06-08 16:05:14	start	232	Mog House entrance	area	generated	20.908	-89.941	-4.000	79.400	-135.500	-16.000	2	11	29.155	-74.200	0.33		menu	Bonanza Moogle 7; Bonanza Moogle 7; Dealer Moogle 8; Dealer Moogle 8; Sacher 9
2026-06-08 16:05:57	arrived	232	Mog House entrance	area	generated	81.403	-133.035	-16.000	79.400	-135.500	-16.000	11	11	79.400	-135.500	0.94		arrival	Phersula 2; Drunksmurf 2; Neoakuma 3; Evenstar 4; Nauthima 4
2026-06-08 16:06:28	start	232	Mog House entrance	area	generated	69.676	-118.215	-16.000	79.400	-135.500	-16.000	2	3	79.400	-135.500	0.01		menu	Festive Moogle 1; Loxington 6; Smolshar 6; Ancestry Moogle 7; Sfenm 7
2026-06-08 16:06:43	arrived	232	Mog House entrance	area	generated	79.247	-133.691	-16.000	79.400	-135.500	-16.000	3	3	79.400	-135.500	2.11		arrival	Phersula 1; Julto 1; Drunksmurf 1; Neoakuma 2; Evenstar 2
2026-06-12 16:03:32	start	232	Mog House entrance	area	generated	71.095	-118.357	-16.000	79.400	-135.500	-16.000	2	3	79.400	-135.500	0.16		menu	Festive Moogle 1; Ancestry Moogle 5; Coffeesama 10; Moogle 11; Answald 12
2026-06-12 16:03:43	arrived	232	Mog House entrance	area	generated	79.629	-134.567	-16.000	79.400	-135.500	-16.000	3	3	79.400	-135.500	1.53		arrival	Phersula 1; Darryk 5; Ollii 5; Crystaldealer 5; Nauthima 6
2026-06-12 16:14:01	start	232	Mog House entrance	area	generated	78.102	-140.064	-16.000	79.400	-135.500	-16.000	4	4	79.400	-135.500	0.00		menu	Cheyne 6; Phersula 6; Ambleon 7; Answald 12; Nauthima 12
2026-06-12 16:14:01	arrived	232	Mog House entrance	area	generated	78.102	-140.064	-16.000	79.400	-135.500	-16.000	4	4	79.400	-135.500	0.00		arrival	Cheyne 6; Phersula 6; Ambleon 7; Answald 12; Nauthima 12
2026-06-12 16:14:35	start	232	Mog House entrance	area	generated	59.049	-111.785	-12.250	79.400	-135.500	-16.000	2	3	79.400	-135.500	0.34		menu	Coribalgeant 4; Saraqael 5; Arakiel 6; Vitellius 7; Curio Vendor Moogle 7
2026-06-12 16:14:54	arrived	232	Mog House entrance	area	generated	77.021	-138.454	-16.000	79.400	-135.500	-16.000	3	3	79.400	-135.500	0.59		arrival	Cheyne 5; Phersula 5; Ambleon 6; Answald 10; Nauthima 11
2026-06-12 16:15:31	start	232	Mog House entrance	area	generated	62.223	-128.048	-16.000	79.400	-135.500	-16.000	2	3	79.400	-135.500	0.00		menu	Greeter Moogle 1; Moogle 2; A.M.A.N. Liaison 6; Saraqael 12; Festive Moogle 13
2026-06-12 16:15:53	arrived	232	Mog House entrance	area	generated	78.740	-136.142	-16.000	79.400	-135.500	-16.000	3	3	79.400	-135.500	1.47		arrival	Cheyne 2; Phersula 3; Percan 4; Ambleon 7; Answald 8
2026-06-12 16:16:19	start	232	Mog House entrance	area	generated	83.475	-134.490	-16.000	79.400	-135.500	-16.000	4	4	79.400	-135.500	0.00		menu	Cheyne 3; Phersula 3; Percan 4; Nauthima 6; Answald 9
2026-06-12 16:16:19	arrived	232	Mog House entrance	area	generated	83.475	-134.490	-16.000	79.400	-135.500	-16.000	4	4	77.499	-129.958	0.00		arrival	Cheyne 3; Phersula 3; Percan 4; Nauthima 6; Answald 9
2026-06-12 16:16:51	start	232	Mog House entrance	area	generated	81.446	-130.924	-16.000	79.400	-135.500	-16.000	3	3	79.400	-135.500	2.74		menu	Nauthima 2; Phersula 3; Cheyne 4; Answald 6; Coffeesama 7
2026-06-12 16:16:56	arrived	232	Mog House entrance	area	generated	78.182	-132.521	-16.000	79.400	-135.500	-16.000	3	3	74.140	-136.639	3.63		arrival	Phersula 3; Cheyne 3; Answald 4; Nauthima 5; Nhimil 7
2026-06-12 16:17:30	start	232	Mog House entrance	area	generated	75.275	-122.056	-16.000	79.400	-135.500	-16.000	2	3	79.400	-135.500	0.49		menu	Coffeesama 5; Festive Moogle 6; Answald 7; Nauthima 9; Moogle 13
2026-06-12 16:17:49	arrived	232	Mog House entrance	area	generated	75.610	-133.993	-16.000	79.400	-135.500	-16.000	3	3	81.673	-130.700	4.63		arrival	Phersula 5; Cheyne 5; Ambleon 5; Answald 5; Nauthima 8
2026-06-12 16:18:20	start	232	Mog House entrance	area	generated	75.832	-142.384	-16.000	79.400	-135.500	-16.000	3	4	79.400	-135.500	0.00		menu	Ambleon 7; Nhimil 8; Percan 8; Cheyne 9; Phersula 9
2026-06-12 16:18:26	arrived	232	Mog House entrance	area	generated	79.999	-134.789	-16.000	79.400	-135.500	-16.000	4	4	79.400	-135.500	1.17		arrival	Cheyne 1; Phersula 1; Nhimil 4; Percan 5; Nauthima 6
2026-06-12 23:38:57	start	232	Mog House entrance	area	generated	78.626	-139.581	-16.000	79.400	-135.500	-16.000	4	4	79.400	-135.500	0.00		menu	Califa 3; Ebikenezer 4; Airwick 4; Nazuny 4; Kunglawo 4
2026-06-12 23:38:57	arrived	232	Mog House entrance	area	generated	78.626	-139.581	-16.000	79.400	-135.500	-16.000	4	4	79.400	-135.500	0.00		arrival	Califa 3; Ebikenezer 4; Airwick 4; Nazuny 4; Kunglawo 4
2026-06-12 23:39:19	start	232	Mog House entrance	area	generated	67.968	-118.730	-16.000	79.400	-135.500	-16.000	2	3	79.400	-135.500	0.33		menu	Festive Moogle 3; Ancestry Moogle 8; Moogle 9; Greeter Moogle 10; Strikerx 11
2026-06-12 23:39:36	arrived	232	Mog House entrance	area	generated	80.560	-134.431	-16.000	79.400	-135.500	-16.000	3	3	79.400	-135.500	0.62		arrival	Ashleih 1; Trentjames 2; Airwick 2; Turdmegedon 4; Sichimi 4
2026-06-12 23:40:03	start	232	Mog House entrance	area	generated	63.962	-121.086	-16.050	79.400	-135.500	-16.000	2	3	79.400	-135.500	1.36		menu	Moogle 6; Greeter Moogle 6; Trentjames 6; Festive Moogle 7; Strikerx 9
2026-06-12 23:40:19	arrived	232	Mog House entrance	area	generated	77.822	-135.278	-16.000	79.400	-135.500	-16.000	3	3	79.400	-135.500	2.61		arrival	Airwick 1; Phersula 3; Turdmegedon 4; Ashleih 4; Califa 6
2026-06-13 02:07:26	start	232	Mog House entrance	area	generated	69.859	-135.447	-16.000	79.400	-135.500	-16.000	2	3	79.400	-135.500	0.75		menu	Ambleon 2; Miror 4; Izzzzy 4; A.M.A.N. Liaison 5; Rurchu 7
2026-06-13 02:07:34	arrived	232	Mog House entrance	area	generated	79.067	-133.356	-16.000	79.400	-135.500	-16.000	3	3	79.400	-135.500	2.43		arrival	Phersula 1; Ashleih 3; Nauthima 5; Answald 5; Knightofgold 6
2026-06-13 02:08:10	start	232	Mog House entrance	area	generated	44.515	-106.572	-12.000	79.400	-135.500	-16.000	2	4	53.555	-112.600	0.00		menu	Neosho 2; Scobuu 3; Sheyha 3; Ventarbre 3; Pipim 3
2026-06-13 02:08:25	arrived	232	Mog House entrance	area	generated	76.297	-136.541	-16.000	79.400	-135.500	-16.000	4	4	79.400	-135.500	2.08		arrival	Izzzzy 5; Phersula 5; Ambleon 5; Syukun 6; Ashleih 6
2026-06-13 02:08:45	start	232	Mog House entrance	area	generated	66.954	-120.042	-16.000	79.400	-135.500	-16.000	2	3	79.400	-135.500	0.31		menu	Festive Moogle 4; Tabukitten 6; Moogle 7; Greeter Moogle 8; Ancestry Moogle 8
2026-06-13 02:08:57	arrived	232	Mog House entrance	area	generated	77.938	-136.457	-16.000	79.400	-135.500	-16.000	3	3	79.400	-135.500	1.48		arrival	Tinyraz 2; Phersula 3; Ashleih 5; Syukun 5; Gpatch 5
2026-06-13 02:09:39	start	232	Mog House entrance	area	generated	63.829	-122.277	-16.050	79.400	-135.500	-16.000	2	3	79.400	-135.500	0.42		menu	Tabukitten 3; Moogle 4; Greeter Moogle 5; Festive Moogle 8; Shiarasin 9
2026-06-13 02:09:52	arrived	232	Mog House entrance	area	generated	75.806	-134.197	-16.000	79.400	-135.500	-16.000	3	3	81.571	-130.650	4.37		arrival	Izzzzy 3; Phersula 5; Ambleon 5; Answald 6; Ashleih 6
2026-06-13 02:11:13	start	232	Mog House entrance	area	generated	65.985	-120.395	-16.000	79.400	-135.500	-16.000	2	3	79.400	-135.500	0.97		menu	Tabukitten 5; Festive Moogle 5; Moogle 7; Greeter Moogle 7; Shiarasin 9
2026-06-13 02:11:30	arrived	232	Mog House entrance	area	generated	81.938	-139.257	-16.500	79.400	-135.500	-16.000	3	3	76.221	-134.402	0.00		arrival	Yumemem 1; Sylveni 1; Shortking 1; Poporyu 1; Zeola 1
2026-06-13 11:16:05	start	232	Mog House entrance	area	generated	65.760	-128.257	-16.000	79.400	-135.500	-16.000	2	3	79.400	-135.500	2.32		menu	Moogle 3; Greeter Moogle 4; A.M.A.N. Liaison 4; Angrysteel 5; Masaa 7
2026-06-13 11:16:19	arrived	232	Mog House entrance	area	generated	78.161	-135.926	-16.000	79.400	-135.500	-16.000	3	3	79.400	-135.500	1.89		arrival	Phersula 3; Dova 3; Manamana 5; Kagetsugu 5; Michabubu 5
2026-06-13 14:27:22	start	232	Mog House entrance	area	generated	76.205	-134.749	-16.000	79.400	-135.500	-16.000	3	3	79.400	-135.500	3.71		menu	Shoyoroll 3; Zeign 3; Ributo 3; Evenstar 3; Lonestarman 4
2026-06-13 14:27:22	arrived	232	Mog House entrance	area	generated	76.205	-134.749	-16.000	79.400	-135.500	-16.000	3	3	79.400	-135.500	3.71		arrival	Shoyoroll 3; Zeign 3; Ributo 3; Evenstar 3; Lonestarman 4
2026-06-13 14:27:39	start	232	Mog House entrance	area	generated	52.349	-111.597	-12.000	79.400	-135.500	-16.000	3	4	79.400	-135.500	1.50		menu	Nukkie 2; Curio Vendor Moogle 2; Nyehh 5; Coribalgeant 5; Aldagon 7
2026-06-13 14:27:50	blocked	232	Mog House entrance	area	generated	52.655	-114.350	-12.000	79.400	-135.500	-16.000	4	5	57.662	-116.239	0.02	5.35	Possible obstacle or wall. Clearance 0 yalm. Turn until the beacon moves off-center, then try forward. Route refreshed.	Curio Vendor Moogle 1; Mikimao 2; Lionswrath 2; Nukkie 4; Coribalgeant 7
2026-06-13 14:28:08	arrived	232	Mog House entrance	area	generated	80.859	-137.606	-16.500	79.400	-135.500	-16.000	5	5	79.400	-135.500	0.22		arrival	Kingflippynips 2; Evenstar 3; Zeign 3; Ributo 3; Lonestarman 3
2026-06-15 11:54:17	start	232	Mog House entrance	area	generated	71.230	-118.241	-16.000	79.400	-135.500	-16.000	2	3	79.400	-135.500	0.04		menu	Festive Moogle 1; Ancestry Moogle 5; Nyehh 9; Moogle 12; Answald 12
2026-06-15 11:54:31	arrived	232	Mog House entrance	area	generated	79.778	-133.513	-16.000	79.400	-135.500	-16.000	3	3	79.400	-135.500	1.75		arrival	Phersula 1; Motokey 2; Ributo 3; Halzzz 5; Dana 6
2026-06-15 12:03:18	start	232	Mog House entrance	area	generated	72.560	-121.060	-16.000	79.400	-135.500	-16.000	2	3	79.400	-135.500	1.62		menu	Ancestry Moogle 3; Festive Moogle 3; Airwick 7; Answald 8; Nyehh 9
2026-06-15 12:03:26	arrived	232	Mog House entrance	area	generated	76.562	-133.193	-16.000	79.400	-135.500	-16.000	3	3	82.615	-131.284	4.80		arrival	Vitellius 2; Wormfeeder 3; Ributo 4; Saraqael 4; Phersula 4
2026-06-15 12:03:43	start	232	Mog House entrance	area	generated	62.673	-124.088	-16.000	79.400	-135.500	-16.000	2	3	79.400	-135.500	0.10		menu	Nyehh 2; Moogle 3; Greeter Moogle 3; Wormfeeder 8; A.M.A.N. Liaison 9
2026-06-15 12:03:55	arrived	232	Mog House entrance	area	generated	76.085	-134.638	-16.000	79.400	-135.500	-16.000	3	3	79.400	-135.500	3.85		arrival	Saraqael 1; Vitellius 3; Ributo 3; Tabsstorage 4; Phersula 4
2026-06-15 12:04:10	start	232	Mog House entrance	area	generated	85.980	-132.089	-16.000	79.400	-135.500	-16.000	3	4	79.400	-135.500	0.00		menu	Phersula 6; Nauthima 6; Arakiel 7; Fishbrain 7; Motokey 8
2026-06-15 12:04:16	arrived	232	Mog House entrance	area	generated	80.264	-133.050	-16.000	79.400	-135.500	-16.000	4	4	79.400	-135.500	1.73		arrival	Phersula 1; Fishbrain 3; Ributo 4; Saraqael 4; Nauthima 5
2026-06-15 12:04:27	start	232	Mog House entrance	area	generated	75.742	-142.262	-16.000	79.400	-135.500	-16.000	3	4	79.400	-135.500	0.00		menu	Ambleon 7; Ributo 7; Motokey 7; Arakiel 8; Saraqael 8
2026-06-15 12:04:32	arrived	232	Mog House entrance	area	generated	76.278	-138.180	-16.000	79.400	-135.500	-16.000	4	4	79.400	-135.500	1.28		arrival	Ributo 3; Saraqael 4; Ambleon 5; Motokey 5; Phersula 6
2026-06-15 12:04:51	start	232	Mog House entrance	area	generated	85.243	-132.707	-16.000	79.400	-135.500	-16.000	3	4	79.400	-135.500	0.00		menu	Phersula 5; Nauthima 6; Motokey 7; Ributo 8; Arakiel 9
2026-06-15 12:05:00	arrived	232	Mog House entrance	area	generated	79.688	-133.759	-16.000	79.400	-135.500	-16.000	4	4	79.400	-135.500	1.69		arrival	Phersula 1; Ributo 3; Motokey 6; Answald 6; Nauthima 6
2026-06-15 12:05:31	start	232	Mog House entrance	area	generated	44.376	-110.134	-12.155	79.400	-135.500	-16.000	2	4	53.555	-112.600	0.07		menu	Noquerelle 1; Summie 4; Xaio 4; Onizukaa 5; Oshric 6
2026-06-15 12:05:48	blocked	232	Mog House entrance	area	generated	58.333	-108.669	-12.000	79.400	-135.500	-16.000	5	6	58.942	-114.135	0.00	5.50	Possible obstacle or wall. Clearance 0 yalm. Turn until the beacon moves off-center, then try forward. Route refreshed.	Coribalgeant 1; Mikimao 6; Quenzilla 6; Quenjira 6; Acceptable 7
2026-06-15 12:06:12	arrived	232	Mog House entrance	area	generated	83.026	-132.254	-16.000	79.400	-135.500	-16.000	6	6	77.063	-130.478	1.73		arrival	Phersula 3; Nauthima 5; Ributo 6; Motokey 7; Answald 8
2026-06-15 12:08:13	start	232	Mog House entrance	area	generated	62.575	-128.868	-16.000	79.400	-135.500	-16.000	3	4	79.400	-135.500	0.13		menu	Greeter Moogle 2; Moogle 2; A.M.A.N. Liaison 5; Nyehh 6; Wormfeeder 7
2026-06-15 12:08:28	arrived	232	Mog House entrance	area	generated	78.356	-137.299	-16.168	79.400	-135.500	-16.000	4	4	79.400	-135.500	0.54		arrival	Ributo 1; Phersula 4; Katochan 4; Tabsstorage 4; Ambleon 7
2026-06-15 12:08:37	start	232	Mog House entrance	area	generated	79.954	-125.587	-16.000	79.400	-135.500	-16.000	2	3	79.400	-135.500	0.00		menu	Nauthima 3; Answald 5; Ancestry Moogle 6; Airwick 7; Phersula 9
2026-06-15 12:08:54	arrived	232	Mog House entrance	area	generated	76.427	-133.547	-16.000	79.400	-135.500	-16.000	3	3	82.313	-131.072	4.74		arrival	Ributo 3; Phersula 4; Answald 5; Ambleon 6; Airwick 7
2026-06-15 12:28:54	start	232	Mog House entrance	area	generated	75.221	-122.168	-16.000	79.400	-135.500	-16.000	2	3	79.400	-135.500	0.61		menu	Festive Moogle 6; Answald 7; Nauthima 8; Wormfeeder 8; Nyehh 11
2026-06-15 12:29:04	arrived	232	Mog House entrance	area	generated	83.094	-138.002	-16.500	79.400	-135.500	-16.000	3	3	78.832	-131.831	0.17		arrival	Naeceran 1; Lioreturn 2; Phersula 5; Ributo 5; Nauthima 10
2026-06-15 15:16:54	start	232	Mog House entrance	area	generated	57.179	-116.418	-13.250	79.400	-135.500	-16.000	2	3	79.400	-135.500	0.00		menu	Curio Vendor Moogle 6; Delanii 8; Coribalgeant 8; Orefille 9; Nyehh 9
2026-06-15 15:17:17	arrived	232	Mog House entrance	area	generated	79.157	-133.684	-16.000	79.400	-135.500	-16.000	3	3	79.400	-135.500	2.20		arrival	Phersula 1; Halzz 2; Abbu 2; Answald 6; Nauthima 6
2026-06-15 15:18:09	start	232	Mog House entrance	area	generated	62.894	-124.406	-16.000	79.400	-135.500	-16.000	2	3	79.400	-135.500	0.49		menu	Nyehh 2; Moogle 2; Greeter Moogle 2; Wormfeeder 5; A.M.A.N. Liaison 9
2026-06-15 15:18:26	arrived	232	Mog House entrance	area	generated	77.292	-132.253	-16.000	79.400	-135.500	-16.000	3	3	74.592	-137.827	4.52		arrival	Phersula 4; Answald 4; Abbu 4; Nauthima 6; Ambleon 7
2026-06-15 15:19:19	start	232	Mog House entrance	area	generated	74.826	-121.767	-16.000	79.400	-135.500	-16.000	2	3	79.400	-135.500	0.58		menu	Festive Moogle 5; Answald 7; Wormfeeder 8; Nauthima 10; Nyehh 11
2026-06-15 15:19:31	arrived	232	Mog House entrance	area	generated	76.676	-131.399	-16.000	79.400	-135.500	-16.000	3	3	74.626	-137.891	5.51		arrival	Answald 3; Phersula 5; Drunksmurf 5; Abbu 5; Horus 5
2026-06-20 14:13:29	start	232	Mog House entrance	area	generated	62.641	-126.942	-16.000	79.400	-135.500	-16.000	2	3	79.400	-135.500	0.29		menu	Moogle 1; A.M.A.N. Liaison 7; Leoreol 7; Festive Moogle 12; Ancestry Moogle 13
2026-06-20 14:13:47	arrived	232	Mog House entrance	area	generated	77.736	-138.474	-16.000	79.400	-135.500	-16.000	3	3	79.400	-135.500	0.00		arrival	Sacher 3; Imoruchan 4; Nightbear 4; Mizukimaia 4; Eleda 4
2026-06-20 14:14:02	start	232	Mog House entrance	area	generated	80.190	-136.025	-16.500	79.400	-135.500	-16.000	3	3	79.400	-135.500	1.37		menu	Sacher 1; Imoruchan 1; Ributo 1; Phersula 2; Nightbear 3
2026-06-20 14:14:02	arrived	232	Mog House entrance	area	generated	80.190	-136.025	-16.500	79.400	-135.500	-16.000	3	3	79.400	-135.500	1.37		arrival	Sacher 1; Imoruchan 1; Ributo 1; Phersula 2; Nightbear 3
2026-06-20 14:14:24	start	232	Mog House entrance	area	generated	74.428	-140.111	-16.000	79.400	-135.500	-16.000	2	3	79.400	-135.500	0.68		menu	Ambleon 4; Sacher 7; Imoruchan 7; Nightbear 7; Mizukimaia 7
2026-06-20 14:14:27	arrived	232	Mog House entrance	area	generated	75.663	-138.096	-16.000	79.400	-135.500	-16.000	3	3	79.400	-135.500	1.89		arrival	Ambleon 4; Sacher 5; Imoruchan 5; Ributo 5; Nightbear 6
2026-06-20 14:14:46	start	232	Mog House entrance	area	generated	75.955	-142.252	-16.000	79.400	-135.500	-16.000	3	4	79.400	-135.500	0.00		menu	Nightbear 7; Eleda 7; Mizukimaia 7; Ambleon 7; Dova 7
2026-06-20 14:14:49	arrived	232	Mog House entrance	area	generated	76.932	-139.810	-16.000	79.400	-135.500	-16.000	4	4	79.400	-135.500	0.92		arrival	Nightbear 5; Mizukimaia 5; Eleda 5; Sacher 5; Dova 5
2026-06-20 14:15:43	start	232	Mog House entrance	area	generated	44.706	-105.792	-12.000	79.400	-135.500	-16.000	2	4	53.555	-112.600	0.00		menu	Athaya 2; Nexagon 2; Mrbootaru 2; Apollocesti 3; Zyrr 3
2026-06-20 14:15:58	arrived	232	Mog House entrance	area	generated	83.173	-138.167	-16.500	79.400	-135.500	-16.000	4	4	78.829	-132.054	0.26		arrival	Dewy 1; Alimere 1; Niia 1; Fessel 1; Smokenttp 1
2026-06-20 14:59:32	start	232	Home Point #2	object	generated	79.626	-135.184	-16.000	48.000	-105.000	-12.000	2	3	48.000	-105.000	1.64		menu	Phersula 1; Sibylia 4; Saralia 4; Phiyra 4; Cmon 4
2026-06-20 15:00:03	blocked	232	Home Point #2	object	generated	54.832	-113.685	-12.050	48.000	-105.000	-12.000	2	3	50.426	-110.394	0.14	5.50	Possible obstacle or wall. Clearance 0 yalm. Turn until the beacon moves off-center, then try forward. Route refreshed.	Curio Vendor Moogle 3; Blastaru 4; Hypemode 5; Coribalgeant 5; Stardust 6
2026-06-20 15:00:05	arrived	232	Home Point #2	object	generated	48.969	-112.298	-12.000	48.000	-105.000	-12.000	2	3	53.769	-108.180	3.10		arrival	Stardust 1; Wormfeeder 2; Blastaru 3; Curio Vendor Moogle 3; Drakyus 4
2026-06-20 15:14:14	start	243	Syndella	npc	untested	-6.000	-1.000	3.000	3.800	137.000	2.000	4	14	-1.688	27.842	1.21		menu	Lokoboko 1; Home Point #1 1; Tdaseew 1; Glaba 2; Explorer_Moogle 7
2026-06-20 15:14:21	blocked	243	Syndella	npc	untested	-4.286	1.403	3.000	3.800	137.000	2.000	3	13	0.373	7.279	0.00	7.50	Possible obstacle or wall. Clearance 0 yalm. Turn until the beacon moves off-center, then try forward. Route refreshed.	Tdaseew 2; Lokoboko 2; Ironn 2; Home Point #1 2; Glaba 2
2026-06-20 15:15:34	blocked	243	Syndella	npc	untested	0.394	127.606	2.000	3.800	137.000	2.000	4	5	0.229	135.105	0.75	7.50	Possible obstacle or wall. Clearance 1 yalm. Turn until the beacon moves off-center, then try forward. Route refreshed.	Door:Archduke's House 1; Luckgirldd 6; Harith 8; Door:Living Quarters 10; Magian Moogle 10
2026-06-20 15:15:40	arrived	243	Syndella	npc	untested	0.205	136.166	2.000	3.800	137.000	2.000	5	5	2.603	142.163	4.10		arrival	Syndella 4; Marjory 5; Harith 5; Jamal 6; Door:Living Quarters 8
2026-06-20 15:31:13	start	243	Elevator Button	npc	untested	3.183	136.857	2.000	48.997	-74.904	9.647	2	15	0.712	128.642	1.50		menu	Syndella 1; Jamal 4; Door:Living Quarters 5; Marjory 7; Harith 8
2026-06-20 15:31:21	blocked	243	Elevator Button	npc	untested	3.183	136.857	2.000	48.997	-74.904	9.647	2	15	1.743	132.069	1.50	5.00	Possible obstacle or wall. Clearance 1 yalm. Turn until the beacon moves off-center, then try forward. Route refreshed.	Syndella 1; Jamal 4; Door:Living Quarters 5; Marjory 7; Harith 8
2026-06-20 15:33:05	arrived	243	Elevator Button	npc	untested	48.712	-67.400	10.000	48.997	-74.904	9.647	14	15	54.293	-74.703	4.14		arrival	Jammersidewindr 4; Chikoritta 4; Pidgeotto 4; Lugado 5; Kzx 5
2026-06-20 16:19:31	start	244	Batallia Downs zone line	area	proven	47.365	-80.818	-4.998	-99.867	184.157	0.000	2	15	18.041	-35.003	0.75		menu	Zekobi-Morokobi 9
2026-06-20 16:19:55	blocked	244	Batallia Downs zone line	area	proven	15.107	-38.604	-1.000	-99.867	184.157	0.000	4	16	13.787	-33.265	0.00	5.50	Possible obstacle or wall. Clearance 0 yalm. Turn until the beacon moves off-center, then try forward. Route refreshed.	Guide Stone 10; Ratoto 14; Azxy 17; Seriously 17; Reaperette 17
2026-06-20 16:20:13	blocked	244	Batallia Downs zone line	area	proven	15.262	-38.555	-1.000	-99.867	184.157	0.000	4	16	12.154	-34.017	0.00	5.50	Possible obstacle or wall. Clearance 0 yalm. Turn until the beacon moves off-center, then try forward. Route refreshed.	Guide Stone 10; Ratoto 14; Azxy 17; Seriously 17; Reaperette 17
2026-06-20 16:20:31	blocked	244	Batallia Downs zone line	area	proven	15.193	-38.547	-1.000	-99.867	184.157	0.000	4	16	10.451	-32.736	0.00	7.50	Possible obstacle or wall. Clearance 0 yalm. Turn until the beacon moves off-center, then try forward. Route refreshed.	Guide Stone 10; Ratoto 14; Azxy 17; Seriously 17; Reaperette 17
2026-06-20 16:20:49	blocked	244	Batallia Downs zone line	area	proven	15.234	-38.686	-1.000	-99.867	184.157	0.000	4	16	12.368	-33.992	0.00	5.50	Possible obstacle or wall. Clearance 0 yalm. Turn until the beacon moves off-center, then try forward. Route refreshed.	Guide Stone 10; Ratoto 14; Azxy 17; Seriously 17; Reaperette 17
2026-06-20 16:22:19	arrived	244	Batallia Downs zone line	area	proven	-96.640	178.312	0.000	-99.867	184.157	0.000	15	16	-99.277	182.649	0.05		arrival	Bheem 11; Home Point #1 11; Emitt 17; Ajithaam 23; Elijah 24
2026-06-20 16:23:10	start	105	Raptor	enemy	observed	486.298	-161.077	8.280	457.730	-159.410	8.887	2	3	457.730	-159.410	8.77		menu	
2026-06-20 16:23:18	arrived	105	Raptor	enemy	observed	463.446	-160.585	8.827	457.730	-159.410	8.887	3	3	461.121	-154.696	9.94		arrival	Couvoullie 4; Raptor 6
2026-06-20 19:08:23	start	105	Rolanberry Fields zone line	area	untested	431.298	-159.598	8.234	479.955	-363.913	-0.786	2	15	430.400	-148.400	1.34		menu	Macro Test 1; Moogle 3; Shraiden 4; Macro Test 4; ??? 6
2026-06-20 19:08:51	blocked	105	Rolanberry Fields zone line	area	untested	403.331	-196.303	8.000	479.955	-363.913	-0.786	2	7	401.633	-205.318	4.91	9.17	Possible obstacle. Wall clearance 5 yalms. Turn until the beacon moves off-center, then try forward. Route refreshed.	Stalking Sapling 22
2026-06-20 19:09:29	blocked	105	Rolanberry Fields zone line	area	untested	405.048	-244.666	7.577	479.955	-363.913	-0.786	2	6	406.094	-251.725	1.75	7.14	Possible obstacle or wall. Clearance 2 yalm. Turn until the beacon moves off-center, then try forward. Route refreshed.	Sabertooth Tiger 2; Stalking Sapling 12
2026-06-20 19:10:22	blocked	105	Rolanberry Fields zone line	area	untested	345.285	-274.641	8.216	479.955	-363.913	-0.786	2	9	354.204	-275.842	7.94	9.00	Possible obstacle. Wall clearance 8 yalms. Turn until the beacon moves off-center, then try forward. Route refreshed.	Stalking Sapling 2; Goblin Mugger 13
2026-06-20 19:10:47	blocked	105	Rolanberry Fields zone line	area	untested	355.422	-242.394	7.921	479.955	-363.913	-0.786	2	7	362.330	-248.163	14.63	9.00	Possible obstacle. Wall clearance 15 yalms. Turn until the beacon moves off-center, then try forward. Route refreshed.	Stalking Sapling 1; Treasure Casket 1
2026-06-20 19:11:04	blocked	105	Rolanberry Fields zone line	area	untested	355.422	-242.394	7.921	479.955	-363.913	-0.786	2	7	362.330	-248.163	14.63	9.00	Possible obstacle. Wall clearance 15 yalms. Turn until the beacon moves off-center, then try forward. Route refreshed.	Treasure Casket 1; Stalking Sapling 1; Ba 24
2026-06-20 19:11:22	blocked	105	Rolanberry Fields zone line	area	untested	355.422	-242.394	7.921	479.955	-363.913	-0.786	2	7	362.330	-248.163	14.63	9.00	Possible obstacle. Wall clearance 15 yalms. Turn until the beacon moves off-center, then try forward. Route refreshed.	Stalking Sapling 1; Treasure Casket 1; Stalking Sapling 24
2026-06-20 19:11:40	blocked	105	Rolanberry Fields zone line	area	untested	355.422	-242.394	7.921	479.955	-363.913	-0.786	2	7	362.330	-248.163	14.63	9.00	Possible obstacle. Wall clearance 15 yalms. Turn until the beacon moves off-center, then try forward. Route refreshed.	Stalking Sapling 1; Treasure Casket 1
2026-06-20 19:12:07	blocked	105	Rolanberry Fields zone line	area	untested	395.909	-241.603	8.000	479.955	-363.913	-0.786	2	5	396.410	-246.578	1.35	5.00	Possible obstacle or wall. Clearance 1 yalm. Turn until the beacon moves off-center, then try forward. Route refreshed.	Stalking Sapling 1; Sabertooth Tiger 11
2026-06-20 19:12:25	blocked	105	Rolanberry Fields zone line	area	untested	395.909	-241.603	8.000	479.955	-363.913	-0.786	2	5	396.410	-246.578	1.35	5.00	Possible obstacle or wall. Clearance 1 yalm. Turn until the beacon moves off-center, then try forward. Route refreshed.	Stalking Sapling 1; Sabertooth Tiger 11
2026-06-20 19:12:43	blocked	105	Rolanberry Fields zone line	area	untested	395.909	-241.603	8.000	479.955	-363.913	-0.786	2	5	396.410	-246.578	1.35	5.00	Possible obstacle or wall. Clearance 1 yalm. Turn until the beacon moves off-center, then try forward. Route refreshed.	Stalking Sapling 1; Sabertooth Tiger 11
2026-06-20 19:13:02	blocked	105	Rolanberry Fields zone line	area	untested	395.909	-241.603	8.000	479.955	-363.913	-0.786	2	5	396.410	-246.578	1.35	5.00	Possible obstacle or wall. Clearance 1 yalm. Turn until the beacon moves off-center, then try forward. Route refreshed.	Stalking Sapling 1; Sabertooth Tiger 11
2026-06-20 19:13:20	blocked	105	Rolanberry Fields zone line	area	untested	395.909	-241.603	8.000	479.955	-363.913	-0.786	2	5	396.410	-246.578	1.35	5.00	Possible obstacle or wall. Clearance 1 yalm. Turn until the beacon moves off-center, then try forward. Route refreshed.	Stalking Sapling 1; Sabertooth Tiger 11
2026-06-20 19:14:22	blocked	105	Rolanberry Fields zone line	area	untested	387.607	-198.901	8.435	479.955	-363.913	-0.786	2	7	383.151	-202.289	10.96	5.60	Possible obstacle. Wall clearance 11 yalms. Turn until the beacon moves off-center, then try forward. Route refreshed.	Ba 2
2026-06-20 19:14:38	blocked	105	Rolanberry Fields zone line	area	untested	388.857	-203.932	8.356	479.955	-363.913	-0.786	2	7	392.100	-212.337	12.59	9.01	Possible obstacle. Wall clearance 13 yalms. Turn until the beacon moves off-center, then try forward. Route refreshed.	Ba 3
2026-06-20 19:14:50	blocked	105	Rolanberry Fields zone line	area	untested	384.386	-205.025	8.650	479.955	-363.913	-0.786	2	6	391.875	-212.411	12.28	10.52	Possible obstacle. Wall clearance 12 yalms. Turn until the beacon moves off-center, then try forward. Route refreshed.	Ba 6
2026-06-20 19:34:02	start	105	Upper Jeuno zone line	area	proven	377.194	-104.567	8.027	486.298	-157.702	8.237	2	7	396.000	-116.800	0.97		menu	Goblin Smithy 1; Goblin Furrier 4; Arciela 21; Goblin Furrier 23; Ba 23
2026-06-20 19:34:33	blocked	105	Upper Jeuno zone line	area	proven	425.732	-148.967	8.270	486.298	-157.702	8.237	4	5	433.072	-150.504	0.29	7.50	Possible obstacle or wall. Clearance 0 yalm. Turn until the beacon moves off-center, then try forward. Route refreshed.	Joachim 5; Ulmia 5; Sylvie 6; Macro Test 8; Lucilianne 9
2026-06-20 19:34:56	blocked	105	Upper Jeuno zone line	area	proven	425.209	-158.741	8.675	486.298	-157.702	8.237	3	8	432.549	-157.199	0.10	7.50	Possible obstacle or wall. Clearance 0 yalm. Turn until the beacon moves off-center, then try forward. Route refreshed.	??? 5; Macro Test 6; Macro Test 6; Acacia 7; Shraiden 7
2026-06-20 19:35:27	blocked	105	Upper Jeuno zone line	area	proven	430.109	-141.200	8.446	486.298	-157.702	8.237	5	6	434.960	-146.920	0.00	7.50	Possible obstacle or wall. Clearance 0 yalm. Turn until the beacon moves off-center, then try forward. Route refreshed.	Atmacite Refiner 4; Voidwatch Officer 5; Joachim 6; Darksheer 6; Sylvie 7
2026-06-20 19:35:45	arrived	105	Upper Jeuno zone line	area	proven	478.776	-156.574	8.000	486.298	-157.702	8.237	5	6	483.766	-157.156	8.17		arrival	Greenphrod 4; Trutwelve 12; Sakuramochi 12; Stiffballz 12; Graosan 12
2026-06-20 19:39:20	start	105	Rolanberry Fields zone line	area	untested	486.298	-163.327	8.280	479.955	-363.913	-0.786	2	14	428.400	-147.200	7.28		menu	
2026-06-20 19:40:55	arrived	105	Rolanberry Fields zone line	area	untested	475.764	-357.388	7.850	479.955	-363.913	-0.786	5	6	476.782	-362.818	7.36		arrival	
2026-06-20 21:39:34	start	110	Lower Jeuno zone line	area	untested	89.251	407.328	16.301	340.051	613.388	17.423	2	7	120.000	454.925	2.83		menu	Death Wasp 7; Marlena 7; Debug 8; Moon Bat 13; Death Wasp 14
2026-06-20 21:40:59	arrived	110	Lower Jeuno zone line	area	untested	337.272	612.040	24.319	340.051	613.388	17.423	7	7	340.051	613.388	21.52		arrival	
2026-06-20 21:41:27	start	245	Mog House entrance	area	untested	-121.658	-198.246	0.000	43.944	88.580	-9.359	2	7	5.490	27.472	2.34		menu	Banniy 1; Vhana Ehgaklywha 3; Yamilla 23; Alrauverat 24
2026-06-20 21:43:06	arrived	245	Mog House entrance	area	untested	43.141	87.360	-4.998	43.944	88.580	-9.359	7	7	43.944	88.580	1.04		arrival	Miladi-Nildi 11
2026-06-20 21:50:40	start	245	Home Point #2	object	untested	41.850	86.448	-4.998	18.000	54.000	-1.000	3	6	23.490	58.672	0.52		menu	Miladi-Nildi 9
2026-06-20 21:50:53	arrived	245	Home Point #2	object	untested	23.245	55.920	-1.500	18.000	54.000	-1.000	6	6	19.822	49.023	1.78		arrival	Otomis 3; Echeaux 5; Nyaoou 5; Guina 5; Rhoe 5
2026-06-20 21:52:04	start	230	West Ronfaure zone line	area	generated	-84.468	-65.454	1.000	-113.372	-57.418	-4.075	2	6	-98.524	-53.294	3.81		menu	Thabiz 1; Home Point #1 1; Gonzilla 5; Garota 7; A.M.A.N. Validator 10
2026-06-20 21:52:29	arrived	230	West Ronfaure zone line	area	generated	-112.270	-57.262	0.000	-113.372	-57.418	-4.075	6	6	-113.372	-57.418	3.52		arrival	Kaiilynn 3; Aravoge, T.K. 8; Malecharisant 9; Voidwatch Purveyor 13; Eggsperiment I 14
2026-06-20 21:52:55	start	100	East Ronfaure zone line z2s4	area	untested	-129.066	277.277	-62.000	-11.697	140.000	-53.643	2	5	-139.200	249.200	1.90		menu	Kaiilynn 1; Colmaie 7; Laillera 11
2026-06-20 21:53:38	arrived	100	East Ronfaure zone line z2s4	area	untested	-17.759	142.368	-49.819	-11.697	140.000	-53.643	4	5	-13.113	140.512	2.83		arrival	
2026-06-20 22:28:11	start	101	West Ronfaure zone line z2t0	area	untested	-16.471	137.753	-49.814	-30.050	140.034	-58.027	2	3	-36.574	143.538	3.35		menu	Wild Rabbit 17; Tunnel Worm 21; Ding Bats 23
2026-06-20 22:28:19	blocked	101	West Ronfaure zone line z2t0	area	untested	-19.197	137.714	-49.815	-30.050	140.034	-58.027	2	3	-23.783	139.857	3.31	5.06	Possible obstacle. Wall clearance 3 yalms. Turn until the beacon moves off-center, then try forward. Route refreshed.	Tunnel Worm 24
2026-06-20 22:28:21	arrived	101	West Ronfaure zone line z2t0	area	untested	-26.169	141.981	-49.800	-30.050	140.034	-58.027	2	3	-31.492	141.834	3.22		arrival	
2026-06-20 22:28:56	unreachable	100	La Theine Plateau zone line	area	untested	-24.427	137.750	-49.814	-560.415	-613.176	-10.328	1	1	0.000	0.000	3.35		menu start unreachable	
2026-06-20 22:30:31	unreachable	100	East Ronfaure zone line z2s6	area	untested	-27.893	137.751	-49.730	94.760	-200.153	-29.531	1	1	0.000	0.000	3.67		menu start unreachable	
2026-06-20 22:40:37	start	100	La Theine Plateau zone line	area	untested	-24.427	136.625	-49.870	-560.415	-613.176	-10.328	1	1	-560.415	-613.176	2.22		menu	
2026-06-20 22:40:44	blocked	100	La Theine Plateau zone line	area	untested	-24.427	136.625	-49.870	-560.415	-613.176	-10.328	1	1	-560.415	-613.176	2.22	921.67	Possible obstacle or wall. Clearance 2 yalm. Turn until the beacon moves off-center, then try forward.	
2026-06-20 22:41:18	blocked	100	La Theine Plateau zone line	area	untested	-89.629	110.036	-55.290	-560.415	-613.176	-10.328	1	1	-560.415	-613.176	0.34	862.95	Possible obstacle or wall. Clearance 0 yalm. Turn until the beacon moves off-center, then try forward.	Wild Rabbit 7
2026-06-20 22:41:34	blocked	100	La Theine Plateau zone line	area	untested	-89.332	109.896	-55.404	-560.415	-613.176	-10.328	1	1	-560.415	-613.176	0.32	862.99	Possible obstacle or wall. Clearance 0 yalm. Turn until the beacon moves off-center, then try forward.	Wild Rabbit 7
2026-06-20 22:41:51	blocked	100	La Theine Plateau zone line	area	untested	-86.272	110.632	-53.444	-560.415	-613.176	-10.328	1	1	-560.415	-613.176	2.26	865.28	Possible obstacle or wall. Clearance 2 yalm. Turn until the beacon moves off-center, then try forward.	Wild Rabbit 17
2026-06-20 22:42:09	blocked	100	La Theine Plateau zone line	area	untested	-86.236	110.704	-53.454	-560.415	-613.176	-10.328	1	1	-560.415	-613.176	2.34	865.36	Possible obstacle or wall. Clearance 2 yalm. Turn until the beacon moves off-center, then try forward.	
2026-06-20 22:56:13	start	100	La Theine Plateau zone line	area	untested	-86.236	110.704	-53.454	-560.415	-613.176	-10.328	2	49	-95.600	133.200	2.34		menu	
2026-06-20 22:57:43	blocked	100	La Theine Plateau zone line	area	untested	-219.001	-12.272	-31.293	-560.415	-613.176	-10.328	2	33	-220.316	-17.565	0.80	5.45	Possible obstacle or wall. Clearance 1 yalm. Turn until the beacon moves off-center, then try forward. Route refreshed.	Orcish Mesmerizer 14; Forest Hare 18
2026-06-20 23:00:25	arrived	100	La Theine Plateau zone line	area	untested	-562.728	-608.912	0.500	-560.415	-613.176	-10.328	33	33	-560.415	-613.176	9.23		arrival	
2026-06-20 23:01:51	start	102	Valkurm Dunes zone line	area	untested	-556.603	680.591	0.000	160.169	-764.007	24.326	2	67	-591.600	597.200	6.22		menu	
2026-06-20 23:03:31	blocked	102	Valkurm Dunes zone line	area	untested	-495.538	294.918	-8.448	160.169	-764.007	24.326	3	49	-488.173	296.332	0.00	7.50	Possible obstacle or wall. Clearance 0 yalm. Turn until the beacon moves off-center, then try forward. Route refreshed.	Orcish Fodder 10; Steppe Hare 14
2026-06-20 23:08:33	arrived	102	Valkurm Dunes zone line	area	untested	158.884	-762.537	32.000	160.169	-764.007	24.326	49	49	160.169	-764.007	9.56		arrival	
2026-06-20 23:08:54	start	103	Konschtat Highlands zone line	area	untested	761.319	409.268	-7.738	919.212	-440.003	-4.639	2	71	787.200	347.600	8.62		menu	Field Manual 22
2026-06-20 23:10:24	blocked	103	Konschtat Highlands zone line	area	untested	705.123	188.889	-11.021	919.212	-440.003	-4.639	5	66	704.093	181.564	0.00	7.40	Possible obstacle or wall. Clearance 0 yalm. Turn until the beacon moves off-center, then try forward. Route refreshed.	Planar Rift 16; Riftworn Pyxis 16
2026-06-20 23:10:54	blocked	103	Konschtat Highlands zone line	area	untested	707.572	188.559	-11.015	919.212	-440.003	-4.639	4	65	707.787	185.066	0.49	3.50	Possible obstacle or wall. Clearance 0 yalm. Turn until the beacon moves off-center, then try forward. Route refreshed.	Planar Rift 14; Riftworn Pyxis 14; Damselfly 23
2026-06-20 23:11:18	blocked	103	Konschtat Highlands zone line	area	untested	709.994	188.223	-10.090	919.212	-440.003	-4.639	3	64	703.170	179.789	2.40	10.85	Possible obstacle or wall. Clearance 2 yalm. Turn until the beacon moves off-center, then try forward. Route refreshed.	Planar Rift 12; Riftworn Pyxis 12; Damselfly 22
2026-06-20 23:11:32	blocked	103	Konschtat Highlands zone line	area	untested	704.722	188.188	-11.743	919.212	-440.003	-4.639	5	66	703.094	180.867	0.00	7.50	Possible obstacle or wall. Clearance 0 yalm. Turn until the beacon moves off-center, then try forward. Route refreshed.	Planar Rift 17; Riftworn Pyxis 17; Damselfly 24
2026-06-20 23:12:26	blocked	103	Konschtat Highlands zone line	area	untested	706.330	189.180	-10.564	919.212	-440.003	-4.639	4	65	704.093	181.564	0.49	7.94	Possible obstacle or wall. Clearance 0 yalm. Turn until the beacon moves off-center, then try forward. Route refreshed.	Planar Rift 15; Riftworn Pyxis 15
2026-06-20 23:14:21	blocked	103	Konschtat Highlands zone line	area	untested	584.820	108.318	-11.648	919.212	-440.003	-4.639	5	65	581.741	103.491	0.00	5.73	Possible obstacle or wall. Clearance 0 yalm. Turn until the beacon moves off-center, then try forward. Route refreshed.	
2026-06-20 23:14:59	blocked	103	Konschtat Highlands zone line	area	untested	535.968	94.302	-10.229	919.212	-440.003	-4.639	4	52	543.110	83.976	0.02	12.56	Possible obstacle or wall. Clearance 0 yalm. Turn until the beacon moves off-center, then try forward. Route refreshed.	Goblin Leecher 10; Damselfly 14
2026-06-20 23:18:17	arrived	103	Konschtat Highlands zone line	area	untested	920.473	-439.099	0.000	919.212	-440.003	-4.639	52	52	919.212	-440.003	11.62		arrival	
2026-06-20 23:19:02	start	108	North Gustaberg zone line	area	untested	-163.623	883.812	70.863	101.199	-611.982	-77.595	2	79	-168.000	871.200	5.51		menu	
2026-06-20 23:26:19	arrived	108	North Gustaberg zone line	area	untested	99.265	-610.542	-72.840	101.199	-611.982	-77.595	79	79	101.199	-611.982	1.27		arrival	Ramblix 23; Goblin Footprint 23
2026-06-20 23:26:54	unreachable	106	South Gustaberg zone line z2y2	area	untested	-520.617	588.639	39.863	0.735	-79.065	-5.555	1	1	0.000	0.000	4.75		menu start unreachable	
2026-06-20 23:27:56	unreachable	106	South Gustaberg zone line z2y2	area	untested	-519.742	588.639	39.909	0.735	-79.065	-5.555	1	1	0.000	0.000	5.63		menu start unreachable	
2026-06-20 23:28:03	start	106	South Gustaberg zone line z2y4	area	untested	-519.742	588.639	39.909	-440.639	-276.308	33.094	2	31	-465.200	534.400	5.63		menu	
2026-06-20 23:29:03	blocked	106	South Gustaberg zone line z2y4	area	untested	-345.484	433.984	48.138	-440.639	-276.308	33.094	2	29	-338.538	431.155	0.14	7.50	Possible obstacle or wall. Clearance 0 yalm. Turn until the beacon moves off-center, then try forward. Route refreshed.	Young Quadav 22
2026-06-20 23:31:10	blocked	106	South Gustaberg zone line z2y4	area	untested	-405.319	-56.769	47.101	-440.639	-276.308	33.094	2	19	-401.057	-64.782	5.31	9.08	Possible obstacle. Wall clearance 5 yalms. Turn until the beacon moves off-center, then try forward. Route refreshed.	Vulture 15; Treasure Casket 16; Rock Lizard 22
2026-06-20 23:31:19	blocked	106	South Gustaberg zone line z2y4	area	untested	-405.787	-57.250	46.854	-440.639	-276.308	33.094	2	19	-401.014	-64.896	4.91	9.01	Possible obstacle. Wall clearance 5 yalms. Turn until the beacon moves off-center, then try forward. Route refreshed.	Treasure Casket 16; Vulture 19; Rock Lizard 22
2026-06-20 23:31:28	blocked	106	South Gustaberg zone line z2y4	area	untested	-406.224	-57.606	46.666	-440.639	-276.308	33.094	2	19	-401.000	-64.933	4.63	9.00	Possible obstacle. Wall clearance 5 yalms. Turn until the beacon moves off-center, then try forward. Route refreshed.	Treasure Casket 16; Vulture 21; Rock Lizard 22
2026-06-20 23:31:37	blocked	106	South Gustaberg zone line z2y4	area	untested	-404.633	-56.011	47.465	-440.639	-276.308	33.094	2	19	-401.007	-64.915	5.99	9.61	Possible obstacle. Wall clearance 6 yalms. Turn until the beacon moves off-center, then try forward. Route refreshed.	Treasure Casket 16; Rock Lizard 20
2026-06-20 23:31:46	blocked	106	South Gustaberg zone line z2y4	area	untested	-402.993	-56.103	47.105	-440.639	-276.308	33.094	2	18	-400.975	-65.001	6.06	9.12	Possible obstacle. Wall clearance 6 yalms. Turn until the beacon moves off-center, then try forward. Route refreshed.	Treasure Casket 18
2026-06-20 23:32:51	arrived	106	South Gustaberg zone line z2y4	area	untested	-443.907	-275.407	38.791	-440.639	-276.308	33.094	18	18	-440.639	-276.308	5.20		arrival	
2026-06-21 02:10:24	start	107	Bastok Markets zone line	area	untested	-442.751	-121.753	39.136	260.000	-180.000	-3.225	2	23	-472.400	-192.000	5.68		menu	Kalonyu 10
2026-06-21 02:11:32	blocked	107	Bastok Markets zone line	area	untested	-351.298	-338.597	38.690	260.000	-180.000	-3.225	2	18	-339.296	-338.253	14.77	12.01	Possible obstacle. Wall clearance 15 yalms. Turn until the beacon moves off-center, then try forward. Route refreshed.	Walking Sapling 5; Leaping Lizzy 9; Enchanted Bones 20; Rock Lizard 20
2026-06-21 02:11:44	blocked	107	Bastok Markets zone line	area	untested	-348.342	-334.348	38.260	260.000	-180.000	-3.225	2	15	-341.035	-341.531	12.76	10.25	Possible obstacle. Wall clearance 13 yalms. Turn until the beacon moves off-center, then try forward. Route refreshed.	Leaping Lizzy 4; Walking Sapling 10; Rock Lizard 14; Enchanted Bones 15
2026-06-21 02:12:04	blocked	107	Bastok Markets zone line	area	untested	-329.828	-326.989	30.000	260.000	-180.000	-3.225	2	15	-320.528	-326.936	7.81	9.30	Possible obstacle. Wall clearance 8 yalms. Turn until the beacon moves off-center, then try forward. Route refreshed.	Walking Sapling 6; Enchanted Bones 7; Leaping Lizzy 16; Young Quadav 20
2026-06-21 02:12:41	blocked	107	Bastok Markets zone line	area	untested	-223.523	-325.138	17.263	260.000	-180.000	-3.225	2	13	-214.289	-320.630	2.30	10.28	Possible obstacle or wall. Clearance 2 yalm. Turn until the beacon moves off-center, then try forward. Route refreshed.	Young Quadav 14; Amethyst Quadav 21; Rock Lizard 23
2026-06-21 02:14:28	arrived	107	Bastok Markets zone line	area	untested	257.259	-186.884	0.750	260.000	-180.000	-3.225	12	13	259.211	-182.269	0.46		arrival	Magivore Ternion 12; ??? 12; Moogle 12; Goblin Footprint 18; Ramblix 18
2026-06-21 02:25:16	start	107	Bastok Markets zone line	area	untested	261.462	-183.317	0.714	260.000	-180.000	-3.225	3	3	260.000	-180.000	1.74		menu	Kojicoji 4; Moogle 13; Magivore Ternion 13; ??? 13; Goblin Footprint 15
2026-06-21 02:25:16	arrived	107	Bastok Markets zone line	area	untested	261.462	-183.317	0.714	260.000	-180.000	-3.225	3	3	260.000	-180.000	1.74		arrival	Kojicoji 4; Moogle 13; Magivore Ternion 13; ??? 13; Goblin Footprint 15
2026-06-21 02:25:26	start	107	North Gustaberg zone line z2z4	area	untested	261.462	-183.317	0.714	0.877	80.156	-6.763	2	14	256.400	-190.000	1.74		menu	Valaineral 3; Kojicoji 4; Moogle 13; Magivore Ternion 13; ??? 13
2026-06-21 02:25:33	blocked	107	North Gustaberg zone line z2z4	area	untested	261.462	-183.317	0.714	0.877	80.156	-6.763	2	14	257.235	-188.897	1.74	7.00	Possible obstacle or wall. Clearance 2 yalm. Turn until the beacon moves off-center, then try forward. Route refreshed.	Valaineral 2; Sylvie 3; Kojicoji 4; Moogle 13; Magivore Ternion 13
2026-06-21 02:25:52	blocked	107	North Gustaberg zone line z2z4	area	untested	261.462	-183.317	0.714	0.877	80.156	-6.763	2	14	257.235	-188.897	1.74	7.00	Possible obstacle or wall. Clearance 2 yalm. Turn until the beacon moves off-center, then try forward. Route refreshed.	Moogle 13; ??? 13; Magivore Ternion 13; Goblin Footprint 15; Ramblix 15
2026-06-21 02:26:11	blocked	107	North Gustaberg zone line z2z4	area	untested	261.462	-183.317	0.714	0.877	80.156	-6.763	2	14	257.235	-188.897	1.74	7.00	Possible obstacle or wall. Clearance 2 yalm. Turn until the beacon moves off-center, then try forward. Route refreshed.	Moogle 13; ??? 13; Magivore Ternion 13; Goblin Footprint 15; Ramblix 15
2026-06-21 02:26:29	blocked	107	North Gustaberg zone line z2z4	area	untested	261.462	-183.317	0.714	0.877	80.156	-6.763	2	14	257.235	-188.897	1.74	7.00	Possible obstacle or wall. Clearance 2 yalm. Turn until the beacon moves off-center, then try forward. Route refreshed.	Moogle 13; ??? 13; Magivore Ternion 13; Goblin Footprint 15; Ramblix 15
2026-06-21 02:26:58	blocked	107	North Gustaberg zone line z2z4	area	untested	261.462	-183.317	0.713	0.877	80.156	-6.763	2	14	257.235	-188.897	1.74	7.00	Possible obstacle or wall. Clearance 2 yalm. Turn until the beacon moves off-center, then try forward. Route refreshed.	
2026-06-21 02:27:16	blocked	107	North Gustaberg zone line z2z4	area	untested	261.462	-183.317	0.713	0.877	80.156	-6.763	2	14	257.235	-188.897	1.74	7.00	Possible obstacle or wall. Clearance 2 yalm. Turn until the beacon moves off-center, then try forward. Route refreshed.	Moogle 13; ??? 13; Magivore Ternion 13; Goblin Footprint 15; Ramblix 15
2026-06-21 02:27:34	blocked	107	North Gustaberg zone line z2z4	area	untested	261.462	-183.317	0.713	0.877	80.156	-6.763	2	14	257.235	-188.897	1.74	7.00	Possible obstacle or wall. Clearance 2 yalm. Turn until the beacon moves off-center, then try forward. Route refreshed.	Moogle 13; ??? 13; Magivore Ternion 13; Goblin Footprint 15; Ramblix 15
2026-06-21 02:27:52	blocked	107	North Gustaberg zone line z2z4	area	untested	261.462	-183.317	0.713	0.877	80.156	-6.763	2	14	257.235	-188.897	1.74	7.00	Possible obstacle or wall. Clearance 2 yalm. Turn until the beacon moves off-center, then try forward. Route refreshed.	Moogle 13; ??? 13; Magivore Ternion 13; Goblin Footprint 15; Ramblix 15
2026-06-21 02:28:14	zoned	107	North Gustaberg zone line z2z4	area	untested	-99.358	-183.033	0.000	0.877	80.156	-6.763	1	0	0.000	0.000	1.30		zone change	
2026-06-21 02:55:03	start	245	Rolanberry Fields zone line	area	untested	-111.481	-176.866	-0.000	-123.065	-200.691	-4.435	2	3	-123.065	-200.691	5.90		menu	Yamilla 2; Voidwatch Purveyor 3; Streetlamp 9; Shashan-Mishan 10; Lordhelmet 11
2026-06-21 02:55:03	start	245	Rolanberry Fields zone line	area	untested	-111.481	-176.866	-0.000	-123.065	-200.691	-4.435	2	3	-123.065	-200.691	5.90		menu	Yamilla 2; Voidwatch Purveyor 3; Streetlamp 9; Shashan-Mishan 10; Lordhelmet 11
2026-06-21 02:55:04	start	245	Rolanberry Fields zone line	area	untested	-111.481	-176.866	-0.000	-123.065	-200.691	-4.435	2	3	-123.065	-200.691	5.90		menu	Yamilla 2; Voidwatch Purveyor 3; Streetlamp 9; Shashan-Mishan 10; Lordhelmet 11
2026-06-21 02:55:13	arrived	245	Rolanberry Fields zone line	area	untested	-120.295	-200.687	0.000	-123.065	-200.691	-4.435	3	3	-123.065	-200.691	0.00		arrival	Banniy 4; Vhana Ehgaklywha 6; Alrauverat 25; Yamilla 25
2026-06-21 02:55:37	start	110	Survival Guide	object	untested	337.366	608.165	24.021	-228.000	386.000	4.120	2	16	259.600	540.125	18.36		menu	
2026-06-21 02:55:37	start	110	Survival Guide	object	untested	337.366	608.165	24.021	-228.000	386.000	4.120	2	16	259.600	540.125	18.36		menu	
2026-06-21 02:55:37	start	110	Survival Guide	object	untested	337.366	608.165	24.021	-228.000	386.000	4.120	2	16	259.600	540.125	18.36		menu	
2026-06-21 02:58:01	arrived	110	Survival Guide	object	untested	-227.616	386.076	4.307	-228.000	386.000	4.120	16	16	-228.000	386.000	3.15		arrival	
2026-06-21 02:59:25	start	103	Selbina zone line	area	untested	138.000	97.000	-7.506	60.003	-154.537	-7.529	2	14	130.400	86.800	0.95		menu	Survival Guide 1; Tsunashige, I.M. 4; Nyata-Mobuta, W.W. 4; Quanteilleron, R.K. 4; Field Manual 5
2026-06-21 02:59:25	start	103	Selbina zone line	area	untested	138.000	97.000	-7.506	60.003	-154.537	-7.529	2	14	130.400	86.800	0.95		menu	Survival Guide 1; Tsunashige, I.M. 4; Nyata-Mobuta, W.W. 4; Quanteilleron, R.K. 4; Field Manual 5
2026-06-21 03:01:17	arrived	103	Selbina zone line	area	untested	60.719	-153.652	-3.112	60.003	-154.537	-7.529	12	12	60.003	-154.537	2.70		arrival	
2026-06-21 03:02:21	start	248	Home Point #1	object	untested	16.023	99.814	-14.565	36.117	34.635	-10.729	2	6	23.513	38.967	3.41		menu	Flandiace 16; Lombaria 24
2026-06-21 03:02:21	start	248	Home Point #1	object	untested	16.023	99.814	-14.565	36.117	34.635	-10.729	2	6	23.513	38.967	3.41		menu	Flandiace 16; Lombaria 24
2026-06-21 03:02:21	start	248	Home Point #1	object	untested	16.023	99.814	-14.565	36.117	34.635	-10.729	2	6	23.513	38.967	3.41		menu	Flandiace 16; Lombaria 24
2026-06-21 03:02:21	start	248	Home Point #1	object	untested	16.023	99.814	-14.565	36.117	34.635	-10.729	2	6	23.513	38.967	3.41		menu	Flandiace 16; Lombaria 24
2026-06-21 03:02:21	start	248	Home Point #1	object	untested	16.023	99.814	-14.565	36.117	34.635	-10.729	2	6	23.513	38.967	3.41		menu	Flandiace 16; Lombaria 24
2026-06-21 03:02:47	arrived	248	Home Point #1	object	untested	31.406	29.905	-10.559	36.117	34.635	-10.729	5	6	39.872	30.895	4.83		arrival	Zeroths 5; Princebadoori 5; Naveroth 5; Venu 5; Saluvan 5
2026-06-21 13:28:39	start	248	Pacomart	npc	untested	13.649	32.021	-10.670	-14.401	-30.557	-0.915	3	11	7.113	27.767	0.20		menu	Pomulus 14; Moreche 15; Hymne 21; Helina 21; Varken 22
2026-06-21 13:28:39	start	248	Pacomart	npc	untested	13.649	32.021	-10.670	-14.401	-30.557	-0.915	3	11	7.113	27.767	0.20		menu	Pomulus 14; Moreche 15; Hymne 21; Helina 21; Varken 22
2026-06-21 13:28:39	start	248	Pacomart	npc	untested	13.649	32.021	-10.670	-14.401	-30.557	-0.915	3	11	7.113	27.767	0.20		menu	Pomulus 14; Moreche 15; Hymne 21; Helina 21; Varken 22
2026-06-21 13:28:39	start	248	Pacomart	npc	untested	13.649	32.021	-10.670	-14.401	-30.557	-0.915	3	11	7.113	27.767	0.20		menu	Pomulus 14; Moreche 15; Hymne 21; Helina 21; Varken 22
2026-06-21 13:29:29	arrived	248	Pacomart	npc	untested	-14.144	-22.621	-2.276	-14.401	-30.557	-0.915	10	11	-17.382	-29.386	0.01		arrival	Oleg 2; Jimaida 5; Pacomart 8; Yaya 9; Zaldon 16
2026-06-21 13:37:14	start	248	Proto-Waypoint	object	untested	-50.684	-25.627	-2.559	-31.376	-29.603	-0.777	2	4	-41.287	-21.833	0.08		menu	Dohdjuma 9; Abelard 13; Diederik 14; Proto-Waypoint 20; Jillia 21
2026-06-21 13:37:14	start	248	Proto-Waypoint	object	untested	-50.684	-25.627	-2.559	-31.376	-29.603	-0.777	2	4	-41.287	-21.833	0.08		menu	Dohdjuma 9; Abelard 13; Diederik 14; Proto-Waypoint 20; Jillia 21
2026-06-21 13:37:14	start	248	Proto-Waypoint	object	untested	-50.684	-25.627	-2.559	-31.376	-29.603	-0.777	2	4	-41.287	-21.833	0.08		menu	Dohdjuma 9; Abelard 13; Diederik 14; Proto-Waypoint 20; Jillia 21
2026-06-21 13:37:14	start	248	Proto-Waypoint	object	untested	-50.684	-25.627	-2.559	-31.376	-29.603	-0.777	2	4	-41.287	-21.833	0.08		menu	Dohdjuma 9; Abelard 13; Diederik 14; Proto-Waypoint 20; Jillia 21
2026-06-21 13:37:28	blocked	248	Proto-Waypoint	object	untested	-41.296	-26.181	-2.398	-31.376	-29.603	-0.777	4	5	-37.229	-22.479	0.00	5.50	Possible obstacle or wall. Clearance 0 yalm. Turn until the beacon moves off-center, then try forward. Route refreshed.	Diederik 5; Proto-Waypoint 10; Jillia 12; Abelard 17; Dohdjuma 18
2026-06-21 13:37:46	blocked	248	Proto-Waypoint	object	untested	-41.127	-26.134	-2.380	-31.376	-29.603	-0.777	4	5	-36.066	-23.981	0.00	5.50	Possible obstacle or wall. Clearance 0 yalm. Turn until the beacon moves off-center, then try forward. Route refreshed.	Diederik 5; Proto-Waypoint 10; Jillia 12; Abelard 17; Dohdjuma 18
2026-06-21 13:37:57	arrived	248	Proto-Waypoint	object	untested	-35.799	-25.262	-0.964	-31.376	-29.603	-0.777	4	5	-27.664	-25.820	2.69		arrival	Diederik 4; Proto-Waypoint 6; Jillia 8; Jimaida 20; Manfried 20
2026-06-21 16:38:14	start	249	Buburimu Peninsula zone line	area	untested	38.191	45.400	-8.000	-0.179	121.015	-8.549	2	7	12.173	55.247	0.35		menu	Kotan-Purutan 2; Radhika 7; Mauh Halaapah 8; Albin 9; NPC 9
2026-06-21 16:38:14	start	249	Buburimu Peninsula zone line	area	untested	38.191	45.400	-8.000	-0.179	121.015	-8.549	2	7	12.173	55.247	0.35		menu	Kotan-Purutan 2; Radhika 7; Mauh Halaapah 8; Albin 9; NPC 9
2026-06-21 16:38:14	start	249	Buburimu Peninsula zone line	area	untested	38.191	45.400	-8.000	-0.179	121.015	-8.549	2	7	12.173	55.247	0.35		menu	Kotan-Purutan 2; Radhika 7; Mauh Halaapah 8; Albin 9; NPC 9
2026-06-21 16:38:15	start	249	Buburimu Peninsula zone line	area	untested	38.191	45.400	-8.000	-0.179	121.015	-8.549	2	7	12.173	55.247	0.35		menu	Kotan-Purutan 2; Radhika 7; Mauh Halaapah 8; Albin 9; NPC 9
2026-06-21 16:38:42	arrived	249	Buburimu Peninsula zone line	area	untested	-0.018	120.160	-4.000	-0.179	121.015	-8.549	7	7	-0.179	121.015	3.42		arrival	Somo Aatsula 17; Marilionne 20
2026-06-21 16:39:39	start	118	Tahrongi Canyon zone line	area	untested	186.472	-223.510	-1.599	-625.802	159.848	-50.081	3	41	180.400	-216.300	2.02		menu	
2026-06-21 16:39:39	start	118	Tahrongi Canyon zone line	area	untested	186.472	-223.510	-1.599	-625.802	159.848	-50.081	3	41	180.400	-216.300	2.02		menu	
2026-06-21 16:39:39	start	118	Tahrongi Canyon zone line	area	untested	186.472	-223.510	-1.599	-625.802	159.848	-50.081	3	41	180.400	-216.300	2.02		menu	
2026-06-21 16:39:39	start	118	Tahrongi Canyon zone line	area	untested	186.472	-223.510	-1.599	-625.802	159.848	-50.081	3	41	180.400	-216.300	2.02		menu	
2026-06-21 16:43:14	arrived	118	Tahrongi Canyon zone line	area	untested	-624.331	161.725	-45.548	-625.802	159.848	-50.081	41	41	-625.802	159.848	2.76		arrival	Goblin Footprint 17; Ramblix 17; Mashasha, W.W. 25; Wise Turtle, I.M. 25; Craigine, R.K. 25
2026-06-21 16:43:59	start	117	East Sarutabaruta zone line	area	untested	442.781	-40.144	0.000	-64.818	-740.870	42.560	2	60	419.624	-23.600	6.36		menu	
2026-06-21 16:43:59	start	117	East Sarutabaruta zone line	area	untested	442.781	-40.144	0.000	-64.818	-740.870	42.560	2	60	419.624	-23.600	6.36		menu	
2026-06-21 16:43:59	start	117	East Sarutabaruta zone line	area	untested	442.781	-40.144	0.000	-64.818	-740.870	42.560	2	60	419.624	-23.600	6.36		menu	
2026-06-21 16:48:25	arrived	117	East Sarutabaruta zone line	area	untested	-66.889	-734.823	46.378	-64.818	-740.870	42.560	59	60	-65.235	-739.544	1.55		arrival	Goblin Footprint 13; Ramblix 13; DIRECTOR 17
2026-06-21 16:50:32	start	116	Windurst Woods zone line	area	untested	305.627	660.434	-33.640	-128.070	-520.014	-7.903	2	48	290.800	648.100	1.92		menu	
2026-06-21 16:50:32	start	116	Windurst Woods zone line	area	untested	305.627	660.434	-33.640	-128.070	-520.014	-7.903	2	48	290.800	648.100	1.92		menu	
2026-06-21 16:50:32	start	116	Windurst Woods zone line	area	untested	305.627	660.434	-33.640	-128.070	-520.014	-7.903	2	48	290.800	648.100	1.92		menu	
2026-06-21 16:50:32	start	116	Windurst Woods zone line	area	untested	305.627	660.434	-33.640	-128.070	-520.014	-7.903	2	48	290.800	648.100	1.92		menu	
2026-06-21 16:56:50	arrived	116	Windurst Woods zone line	area	untested	-121.197	-518.905	-4.000	-128.070	-520.014	-7.903	47	48	-126.221	-519.500	1.81		arrival	Heih Porhiaap 4; Orlaine 5; Taby Canatahey 6; Field Manual 15; Ramblix 18
2026-06-21 16:57:41	start	241	Port Windurst zone line	area	untested	122.312	-37.492	-5.000	-94.202	-72.738	-1.707	2	12	80.410	-40.285	0.41		menu	Nine of Spades 4; Ten of Spades 7; DIRECTOR 13; PRODUCER 14; Eggsperiment R 16
2026-06-21 16:57:41	start	241	Port Windurst zone line	area	untested	122.312	-37.492	-5.000	-94.202	-72.738	-1.707	2	12	80.410	-40.285	0.41		menu	Nine of Spades 4; Ten of Spades 7; DIRECTOR 13; PRODUCER 14; Eggsperiment R 16
2026-06-21 16:57:41	start	241	Port Windurst zone line	area	untested	122.312	-37.492	-5.000	-94.202	-72.738	-1.707	2	12	80.410	-40.285	0.41		menu	Nine of Spades 4; Ten of Spades 7; DIRECTOR 13; PRODUCER 14; Eggsperiment R 16
2026-06-21 16:58:42	arrived	241	Port Windurst zone line	area	untested	-92.657	-73.140	2.687	-94.202	-72.738	-1.707	12	12	-94.202	-72.738	3.14		arrival	Meh Kotomaihro 14
2026-06-21 19:35:00	start	241	Windurst Walls zone line	area	untested	-93.827	-64.820	2.051	-60.725	91.983	-7.184	2	14	-67.190	-69.085	0.00		menu	Mrkil 6; Hals 8; Meh Kotomaihro 17
2026-06-21 19:35:00	start	241	Windurst Walls zone line	area	untested	-93.827	-64.820	2.051	-60.725	91.983	-7.184	2	14	-67.190	-69.085	0.00		menu	Mrkil 6; Hals 8; Meh Kotomaihro 17
2026-06-21 19:35:00	start	241	Windurst Walls zone line	area	untested	-93.827	-64.820	2.051	-60.725	91.983	-7.184	2	14	-67.190	-69.085	0.00		menu	Mrkil 6; Hals 8; Meh Kotomaihro 17
2026-06-21 19:35:00	start	241	Windurst Walls zone line	area	untested	-93.827	-64.820	2.051	-60.725	91.983	-7.184	2	14	-67.190	-69.085	0.00		menu	Mrkil 6; Hals 8; Meh Kotomaihro 17
2026-06-21 19:35:53	arrived	241	Windurst Walls zone line	area	untested	-61.424	90.790	-4.226	-60.725	91.983	-7.184	14	14	-60.725	91.983	1.71		arrival	Mahoh Mahborogho 20
2026-06-21 19:37:40	start	239	Windurst Waters zone line	area	untested	101.650	-153.580	-2.737	-204.979	139.551	-7.031	2	26	89.184	-139.027	0.33		menu	
2026-06-21 19:37:40	start	239	Windurst Waters zone line	area	untested	101.650	-153.580	-2.737	-204.979	139.551	-7.031	2	26	89.184	-139.027	0.33		menu	
2026-06-21 19:37:40	start	239	Windurst Waters zone line	area	untested	101.650	-153.580	-2.737	-204.979	139.551	-7.031	2	26	89.184	-139.027	0.33		menu	
2026-06-21 19:39:32	arrived	239	Windurst Waters zone line	area	untested	-204.019	140.020	-2.521	-204.979	139.551	-7.031	26	26	-204.979	139.551	2.55		arrival	Komomo 19; Four of Diamonds 20; Tales' Beginning 22; Juvillie 23
2026-06-21 20:40:19	start	238	Mog House entrance	area	untested	153.673	58.295	-2.622	160.000	-53.700	-2.650	2	11	136.000	56.000	1.79		menu	??? 7
2026-06-21 20:40:20	start	238	Mog House entrance	area	untested	153.673	58.295	-2.622	160.000	-53.700	-2.650	2	11	136.000	56.000	1.79		menu	??? 7
2026-06-21 20:40:20	start	238	Mog House entrance	area	untested	153.673	58.295	-2.622	160.000	-53.700	-2.650	2	11	136.000	56.000	1.79		menu	??? 7
2026-06-21 20:40:54	arrived	238	Mog House entrance	area	untested	157.881	-57.902	-4.368	160.000	-53.700	-2.650	11	11	160.000	-53.700	1.08		arrival	??? 22
2026-06-24 15:21:01	start	232	Mog House entrance	area	proven	-100.000	-125.000	-8.000	79.626	-135.184	-16.049	2	16	-82.045	-109.800	6.85		menu	Pieuje 5; Coullave 5; Avandale 6; Claidie 6; Marquie 9
2026-06-24 15:21:01	start	232	Mog House entrance	area	proven	-100.000	-125.000	-8.000	79.626	-135.184	-16.049	2	16	-82.045	-109.800	6.85		menu	Pieuje 5; Coullave 5; Avandale 6; Claidie 6; Marquie 9
2026-06-24 15:22:27	collision	232	Mog House entrance	area	proven	81.880	-127.305	-16.000	79.626	-135.184	-16.049	16	16	75.746	-131.619	0.00	7.50	Collision detected. You are not moving forward. Turn until the beacon moves off-center, then go forward. Clearance 0 yalm.	Answald 6; Phersula 7; Ancestry Moogle 9; Ambleon 14; Festive Moogle 14
2026-06-24 15:22:33	arrived	232	Mog House entrance	area	proven	81.857	-130.989	-16.000	79.626	-135.184	-16.049	16	16	75.543	-131.574	2.50		arrival	Phersula 3; Answald 6; Ancestry Moogle 11; Ambleon 12; A.M.A.N. Liaison 15
2026-06-24 15:23:03	start	232	Mog House entrance	area	proven	68.686	-134.837	-16.000	79.626	-135.184	-16.049	2	3	79.626	-135.184	0.22		menu	A.M.A.N. Liaison 3; Ambleon 4; Answald 10; Moogle 10; Greeter Moogle 10
2026-06-24 15:23:03	start	232	Mog House entrance	area	proven	68.686	-134.837	-16.000	79.626	-135.184	-16.049	2	3	79.626	-135.184	0.22		menu	A.M.A.N. Liaison 3; Ambleon 4; Answald 10; Moogle 10; Greeter Moogle 10
2026-06-24 15:23:18	arrived	232	Mog House entrance	area	proven	75.391	-135.946	-16.000	79.626	-135.184	-16.049	3	3	79.626	-135.184	3.12		arrival	Ambleon 4; Phersula 5; Answald 7; A.M.A.N. Liaison 9; Ancestry Moogle 14
